run_id,step,rank,host,local_rank,step_s,nccl_kernel_s,samples
e3-g8-rdma,0,0,gpu-3uwoq-6g3ya-1,0,0.034711,0.027936,8
e3-g8-rdma,1,0,gpu-3uwoq-6g3ya-1,0,0.028767,0.027936,8
e3-g8-rdma,2,0,gpu-3uwoq-6g3ya-1,0,0.029311,0.027936,8
e3-g8-rdma,3,0,gpu-3uwoq-6g3ya-1,0,0.029346,0.027936,8
e3-g8-rdma,4,0,gpu-3uwoq-6g3ya-1,0,0.029614,0.027936,8
e3-g8-rdma,5,0,gpu-3uwoq-6g3ya-1,0,0.030040,0.027936,8
e3-g8-rdma,6,0,gpu-3uwoq-6g3ya-1,0,0.030257,0.027936,8
e3-g8-rdma,7,0,gpu-3uwoq-6g3ya-1,0,0.029906,0.027936,8
e3-g8-rdma,8,0,gpu-3uwoq-6g3ya-1,0,0.030336,0.027936,8
e3-g8-rdma,9,0,gpu-3uwoq-6g3ya-1,0,0.029976,0.027936,8
e3-g8-rdma,10,0,gpu-3uwoq-6g3ya-1,0,0.030043,0.027936,8
e3-g8-rdma,11,0,gpu-3uwoq-6g3ya-1,0,0.030322,0.027936,8
e3-g8-rdma,12,0,gpu-3uwoq-6g3ya-1,0,0.030135,0.027936,8
e3-g8-rdma,13,0,gpu-3uwoq-6g3ya-1,0,0.030660,0.027936,8
e3-g8-rdma,14,0,gpu-3uwoq-6g3ya-1,0,0.030332,0.027936,8
e3-g8-rdma,15,0,gpu-3uwoq-6g3ya-1,0,0.030638,0.027936,8
e3-g8-rdma,16,0,gpu-3uwoq-6g3ya-1,0,0.031084,0.027936,8
e3-g8-rdma,17,0,gpu-3uwoq-6g3ya-1,0,0.030672,0.027936,8
e3-g8-rdma,18,0,gpu-3uwoq-6g3ya-1,0,0.031128,0.027936,8
e3-g8-rdma,19,0,gpu-3uwoq-6g3ya-1,0,0.030638,0.027936,8
e3-g8-rdma,20,0,gpu-3uwoq-6g3ya-1,0,0.030576,0.027936,8
e3-g8-rdma,21,0,gpu-3uwoq-6g3ya-1,0,0.031102,0.027936,8
e3-g8-rdma,22,0,gpu-3uwoq-6g3ya-1,0,0.030718,0.027936,8
e3-g8-rdma,23,0,gpu-3uwoq-6g3ya-1,0,0.030766,0.027936,8
e3-g8-rdma,24,0,gpu-3uwoq-6g3ya-1,0,0.030574,0.027936,8
e3-g8-rdma,25,0,gpu-3uwoq-6g3ya-1,0,0.030733,0.027936,8
e3-g8-rdma,26,0,gpu-3uwoq-6g3ya-1,0,0.030573,0.027936,8
e3-g8-rdma,27,0,gpu-3uwoq-6g3ya-1,0,0.030566,0.027936,8
e3-g8-rdma,28,0,gpu-3uwoq-6g3ya-1,0,0.030696,0.027936,8
e3-g8-rdma,29,0,gpu-3uwoq-6g3ya-1,0,0.030889,0.027936,8
e3-g8-rdma,30,0,gpu-3uwoq-6g3ya-1,0,0.030623,0.027936,8
e3-g8-rdma,31,0,gpu-3uwoq-6g3ya-1,0,0.030889,0.027936,8
e3-g8-rdma,32,0,gpu-3uwoq-6g3ya-1,0,0.030583,0.027936,8
e3-g8-rdma,33,0,gpu-3uwoq-6g3ya-1,0,0.030786,0.027936,8
e3-g8-rdma,34,0,gpu-3uwoq-6g3ya-1,0,0.030774,0.027936,8
e3-g8-rdma,35,0,gpu-3uwoq-6g3ya-1,0,0.030938,0.027936,8
e3-g8-rdma,36,0,gpu-3uwoq-6g3ya-1,0,0.030630,0.027936,8
e3-g8-rdma,37,0,gpu-3uwoq-6g3ya-1,0,0.030487,0.027936,8
e3-g8-rdma,38,0,gpu-3uwoq-6g3ya-1,0,0.030597,0.027936,8
e3-g8-rdma,39,0,gpu-3uwoq-6g3ya-1,0,0.030530,0.027936,8
e3-g8-rdma,40,0,gpu-3uwoq-6g3ya-1,0,0.030544,0.027936,8
e3-g8-rdma,41,0,gpu-3uwoq-6g3ya-1,0,0.030942,0.027936,8
e3-g8-rdma,42,0,gpu-3uwoq-6g3ya-1,0,0.030727,0.027936,8
e3-g8-rdma,43,0,gpu-3uwoq-6g3ya-1,0,0.031024,0.027936,8
e3-g8-rdma,44,0,gpu-3uwoq-6g3ya-1,0,0.030696,0.027936,8
e3-g8-rdma,45,0,gpu-3uwoq-6g3ya-1,0,0.030738,0.027936,8
e3-g8-rdma,46,0,gpu-3uwoq-6g3ya-1,0,0.030881,0.027936,8
e3-g8-rdma,47,0,gpu-3uwoq-6g3ya-1,0,0.030560,0.027936,8
e3-g8-rdma,48,0,gpu-3uwoq-6g3ya-1,0,0.031187,0.027936,8
e3-g8-rdma,49,0,gpu-3uwoq-6g3ya-1,0,0.031719,0.027936,8
e3-g8-rdma,0,1,gpu-3uwoq-6g3ya-1,1,0.035694,0.004412,8
e3-g8-rdma,1,1,gpu-3uwoq-6g3ya-1,1,0.028325,0.004412,8
e3-g8-rdma,2,1,gpu-3uwoq-6g3ya-1,1,0.029299,0.004412,8
e3-g8-rdma,3,1,gpu-3uwoq-6g3ya-1,1,0.029402,0.004412,8
e3-g8-rdma,4,1,gpu-3uwoq-6g3ya-1,1,0.029548,0.004412,8
e3-g8-rdma,5,1,gpu-3uwoq-6g3ya-1,1,0.029971,0.004412,8
e3-g8-rdma,6,1,gpu-3uwoq-6g3ya-1,1,0.030365,0.004412,8
e3-g8-rdma,7,1,gpu-3uwoq-6g3ya-1,1,0.029870,0.004412,8
e3-g8-rdma,8,1,gpu-3uwoq-6g3ya-1,1,0.030293,0.004412,8
e3-g8-rdma,9,1,gpu-3uwoq-6g3ya-1,1,0.029992,0.004412,8
e3-g8-rdma,10,1,gpu-3uwoq-6g3ya-1,1,0.030048,0.004412,8
e3-g8-rdma,11,1,gpu-3uwoq-6g3ya-1,1,0.030331,0.004412,8
e3-g8-rdma,12,1,gpu-3uwoq-6g3ya-1,1,0.030209,0.004412,8
e3-g8-rdma,13,1,gpu-3uwoq-6g3ya-1,1,0.030596,0.004412,8
e3-g8-rdma,14,1,gpu-3uwoq-6g3ya-1,1,0.030346,0.004412,8
e3-g8-rdma,15,1,gpu-3uwoq-6g3ya-1,1,0.030696,0.004412,8
e3-g8-rdma,16,1,gpu-3uwoq-6g3ya-1,1,0.030980,0.004412,8
e3-g8-rdma,17,1,gpu-3uwoq-6g3ya-1,1,0.030814,0.004412,8
e3-g8-rdma,18,1,gpu-3uwoq-6g3ya-1,1,0.030946,0.004412,8
e3-g8-rdma,19,1,gpu-3uwoq-6g3ya-1,1,0.030755,0.004412,8
e3-g8-rdma,20,1,gpu-3uwoq-6g3ya-1,1,0.030656,0.004412,8
e3-g8-rdma,21,1,gpu-3uwoq-6g3ya-1,1,0.031062,0.004412,8
e3-g8-rdma,22,1,gpu-3uwoq-6g3ya-1,1,0.030652,0.004412,8
e3-g8-rdma,23,1,gpu-3uwoq-6g3ya-1,1,0.030698,0.004412,8
e3-g8-rdma,24,1,gpu-3uwoq-6g3ya-1,1,0.030659,0.004412,8
e3-g8-rdma,25,1,gpu-3uwoq-6g3ya-1,1,0.030682,0.004412,8
e3-g8-rdma,26,1,gpu-3uwoq-6g3ya-1,1,0.030605,0.004412,8
e3-g8-rdma,27,1,gpu-3uwoq-6g3ya-1,1,0.030451,0.004412,8
e3-g8-rdma,28,1,gpu-3uwoq-6g3ya-1,1,0.030746,0.004412,8
e3-g8-rdma,29,1,gpu-3uwoq-6g3ya-1,1,0.030831,0.004412,8
e3-g8-rdma,30,1,gpu-3uwoq-6g3ya-1,1,0.030765,0.004412,8
e3-g8-rdma,31,1,gpu-3uwoq-6g3ya-1,1,0.030839,0.004412,8
e3-g8-rdma,32,1,gpu-3uwoq-6g3ya-1,1,0.030589,0.004412,8
e3-g8-rdma,33,1,gpu-3uwoq-6g3ya-1,1,0.030827,0.004412,8
e3-g8-rdma,34,1,gpu-3uwoq-6g3ya-1,1,0.030995,0.004412,8
e3-g8-rdma,35,1,gpu-3uwoq-6g3ya-1,1,0.030660,0.004412,8
e3-g8-rdma,36,1,gpu-3uwoq-6g3ya-1,1,0.030648,0.004412,8
e3-g8-rdma,37,1,gpu-3uwoq-6g3ya-1,1,0.030564,0.004412,8
e3-g8-rdma,38,1,gpu-3uwoq-6g3ya-1,1,0.030566,0.004412,8
e3-g8-rdma,39,1,gpu-3uwoq-6g3ya-1,1,0.030392,0.004412,8
e3-g8-rdma,40,1,gpu-3uwoq-6g3ya-1,1,0.030604,0.004412,8
e3-g8-rdma,41,1,gpu-3uwoq-6g3ya-1,1,0.030775,0.004412,8
e3-g8-rdma,42,1,gpu-3uwoq-6g3ya-1,1,0.030869,0.004412,8
e3-g8-rdma,43,1,gpu-3uwoq-6g3ya-1,1,0.031025,0.004412,8
e3-g8-rdma,44,1,gpu-3uwoq-6g3ya-1,1,0.030683,0.004412,8
e3-g8-rdma,45,1,gpu-3uwoq-6g3ya-1,1,0.030846,0.004412,8
e3-g8-rdma,46,1,gpu-3uwoq-6g3ya-1,1,0.030709,0.004412,8
e3-g8-rdma,47,1,gpu-3uwoq-6g3ya-1,1,0.030828,0.004412,8
e3-g8-rdma,48,1,gpu-3uwoq-6g3ya-1,1,0.031062,0.004412,8
e3-g8-rdma,49,1,gpu-3uwoq-6g3ya-1,1,0.031635,0.004412,8
e3-g8-rdma,0,2,gpu-3uwoq-6g3ya-1,2,0.034785,0.028001,8
e3-g8-rdma,1,2,gpu-3uwoq-6g3ya-1,2,0.028767,0.028001,8
e3-g8-rdma,2,2,gpu-3uwoq-6g3ya-1,2,0.029308,0.028001,8
e3-g8-rdma,3,2,gpu-3uwoq-6g3ya-1,2,0.029343,0.028001,8
e3-g8-rdma,4,2,gpu-3uwoq-6g3ya-1,2,0.029618,0.028001,8
e3-g8-rdma,5,2,gpu-3uwoq-6g3ya-1,2,0.030039,0.028001,8
e3-g8-rdma,6,2,gpu-3uwoq-6g3ya-1,2,0.030261,0.028001,8
e3-g8-rdma,7,2,gpu-3uwoq-6g3ya-1,2,0.029907,0.028001,8
e3-g8-rdma,8,2,gpu-3uwoq-6g3ya-1,2,0.030332,0.028001,8
e3-g8-rdma,9,2,gpu-3uwoq-6g3ya-1,2,0.029982,0.028001,8
e3-g8-rdma,10,2,gpu-3uwoq-6g3ya-1,2,0.030044,0.028001,8
e3-g8-rdma,11,2,gpu-3uwoq-6g3ya-1,2,0.030318,0.028001,8
e3-g8-rdma,12,2,gpu-3uwoq-6g3ya-1,2,0.030133,0.028001,8
e3-g8-rdma,13,2,gpu-3uwoq-6g3ya-1,2,0.030656,0.028001,8
e3-g8-rdma,14,2,gpu-3uwoq-6g3ya-1,2,0.030327,0.028001,8
e3-g8-rdma,15,2,gpu-3uwoq-6g3ya-1,2,0.030654,0.028001,8
e3-g8-rdma,16,2,gpu-3uwoq-6g3ya-1,2,0.031081,0.028001,8
e3-g8-rdma,17,2,gpu-3uwoq-6g3ya-1,2,0.030659,0.028001,8
e3-g8-rdma,18,2,gpu-3uwoq-6g3ya-1,2,0.031128,0.028001,8
e3-g8-rdma,19,2,gpu-3uwoq-6g3ya-1,2,0.030636,0.028001,8
e3-g8-rdma,20,2,gpu-3uwoq-6g3ya-1,2,0.030584,0.028001,8
e3-g8-rdma,21,2,gpu-3uwoq-6g3ya-1,2,0.031102,0.028001,8
e3-g8-rdma,22,2,gpu-3uwoq-6g3ya-1,2,0.030716,0.028001,8
e3-g8-rdma,23,2,gpu-3uwoq-6g3ya-1,2,0.030760,0.028001,8
e3-g8-rdma,24,2,gpu-3uwoq-6g3ya-1,2,0.030588,0.028001,8
e3-g8-rdma,25,2,gpu-3uwoq-6g3ya-1,2,0.030731,0.028001,8
e3-g8-rdma,26,2,gpu-3uwoq-6g3ya-1,2,0.030569,0.028001,8
e3-g8-rdma,27,2,gpu-3uwoq-6g3ya-1,2,0.030568,0.028001,8
e3-g8-rdma,28,2,gpu-3uwoq-6g3ya-1,2,0.030685,0.028001,8
e3-g8-rdma,29,2,gpu-3uwoq-6g3ya-1,2,0.030895,0.028001,8
e3-g8-rdma,30,2,gpu-3uwoq-6g3ya-1,2,0.030620,0.028001,8
e3-g8-rdma,31,2,gpu-3uwoq-6g3ya-1,2,0.030886,0.028001,8
e3-g8-rdma,32,2,gpu-3uwoq-6g3ya-1,2,0.030595,0.028001,8
e3-g8-rdma,33,2,gpu-3uwoq-6g3ya-1,2,0.030775,0.028001,8
e3-g8-rdma,34,2,gpu-3uwoq-6g3ya-1,2,0.030780,0.028001,8
e3-g8-rdma,35,2,gpu-3uwoq-6g3ya-1,2,0.030938,0.028001,8
e3-g8-rdma,36,2,gpu-3uwoq-6g3ya-1,2,0.030626,0.028001,8
e3-g8-rdma,37,2,gpu-3uwoq-6g3ya-1,2,0.030484,0.028001,8
e3-g8-rdma,38,2,gpu-3uwoq-6g3ya-1,2,0.030598,0.028001,8
e3-g8-rdma,39,2,gpu-3uwoq-6g3ya-1,2,0.030532,0.028001,8
e3-g8-rdma,40,2,gpu-3uwoq-6g3ya-1,2,0.030539,0.028001,8
e3-g8-rdma,41,2,gpu-3uwoq-6g3ya-1,2,0.030937,0.028001,8
e3-g8-rdma,42,2,gpu-3uwoq-6g3ya-1,2,0.030735,0.028001,8
e3-g8-rdma,43,2,gpu-3uwoq-6g3ya-1,2,0.031020,0.028001,8
e3-g8-rdma,44,2,gpu-3uwoq-6g3ya-1,2,0.030694,0.028001,8
e3-g8-rdma,45,2,gpu-3uwoq-6g3ya-1,2,0.030741,0.028001,8
e3-g8-rdma,46,2,gpu-3uwoq-6g3ya-1,2,0.030877,0.028001,8
e3-g8-rdma,47,2,gpu-3uwoq-6g3ya-1,2,0.030569,0.028001,8
e3-g8-rdma,48,2,gpu-3uwoq-6g3ya-1,2,0.031185,0.028001,8
e3-g8-rdma,49,2,gpu-3uwoq-6g3ya-1,2,0.031715,0.028001,8
e3-g8-rdma,0,3,gpu-3uwoq-6g3ya-1,3,0.034795,0.027825,8
e3-g8-rdma,1,3,gpu-3uwoq-6g3ya-1,3,0.028764,0.027825,8
e3-g8-rdma,2,3,gpu-3uwoq-6g3ya-1,3,0.029310,0.027825,8
e3-g8-rdma,3,3,gpu-3uwoq-6g3ya-1,3,0.029345,0.027825,8
e3-g8-rdma,4,3,gpu-3uwoq-6g3ya-1,3,0.029614,0.027825,8
e3-g8-rdma,5,3,gpu-3uwoq-6g3ya-1,3,0.030043,0.027825,8
e3-g8-rdma,6,3,gpu-3uwoq-6g3ya-1,3,0.030253,0.027825,8
e3-g8-rdma,7,3,gpu-3uwoq-6g3ya-1,3,0.029908,0.027825,8
e3-g8-rdma,8,3,gpu-3uwoq-6g3ya-1,3,0.030333,0.027825,8
e3-g8-rdma,9,3,gpu-3uwoq-6g3ya-1,3,0.029973,0.027825,8
e3-g8-rdma,10,3,gpu-3uwoq-6g3ya-1,3,0.030043,0.027825,8
e3-g8-rdma,11,3,gpu-3uwoq-6g3ya-1,3,0.030327,0.027825,8
e3-g8-rdma,12,3,gpu-3uwoq-6g3ya-1,3,0.030131,0.027825,8
e3-g8-rdma,13,3,gpu-3uwoq-6g3ya-1,3,0.030652,0.027825,8
e3-g8-rdma,14,3,gpu-3uwoq-6g3ya-1,3,0.030328,0.027825,8
e3-g8-rdma,15,3,gpu-3uwoq-6g3ya-1,3,0.030655,0.027825,8
e3-g8-rdma,16,3,gpu-3uwoq-6g3ya-1,3,0.031083,0.027825,8
e3-g8-rdma,17,3,gpu-3uwoq-6g3ya-1,3,0.030657,0.027825,8
e3-g8-rdma,18,3,gpu-3uwoq-6g3ya-1,3,0.031136,0.027825,8
e3-g8-rdma,19,3,gpu-3uwoq-6g3ya-1,3,0.030634,0.027825,8
e3-g8-rdma,20,3,gpu-3uwoq-6g3ya-1,3,0.030582,0.027825,8
e3-g8-rdma,21,3,gpu-3uwoq-6g3ya-1,3,0.031095,0.027825,8
e3-g8-rdma,22,3,gpu-3uwoq-6g3ya-1,3,0.030720,0.027825,8
e3-g8-rdma,23,3,gpu-3uwoq-6g3ya-1,3,0.030763,0.027825,8
e3-g8-rdma,24,3,gpu-3uwoq-6g3ya-1,3,0.030582,0.027825,8
e3-g8-rdma,25,3,gpu-3uwoq-6g3ya-1,3,0.030736,0.027825,8
e3-g8-rdma,26,3,gpu-3uwoq-6g3ya-1,3,0.030564,0.027825,8
e3-g8-rdma,27,3,gpu-3uwoq-6g3ya-1,3,0.030575,0.027825,8
e3-g8-rdma,28,3,gpu-3uwoq-6g3ya-1,3,0.030678,0.027825,8
e3-g8-rdma,29,3,gpu-3uwoq-6g3ya-1,3,0.030895,0.027825,8
e3-g8-rdma,30,3,gpu-3uwoq-6g3ya-1,3,0.030624,0.027825,8
e3-g8-rdma,31,3,gpu-3uwoq-6g3ya-1,3,0.030888,0.027825,8
e3-g8-rdma,32,3,gpu-3uwoq-6g3ya-1,3,0.030591,0.027825,8
e3-g8-rdma,33,3,gpu-3uwoq-6g3ya-1,3,0.030780,0.027825,8
e3-g8-rdma,34,3,gpu-3uwoq-6g3ya-1,3,0.030775,0.027825,8
e3-g8-rdma,35,3,gpu-3uwoq-6g3ya-1,3,0.030936,0.027825,8
e3-g8-rdma,36,3,gpu-3uwoq-6g3ya-1,3,0.030628,0.027825,8
e3-g8-rdma,37,3,gpu-3uwoq-6g3ya-1,3,0.030485,0.027825,8
e3-g8-rdma,38,3,gpu-3uwoq-6g3ya-1,3,0.030601,0.027825,8
e3-g8-rdma,39,3,gpu-3uwoq-6g3ya-1,3,0.030530,0.027825,8
e3-g8-rdma,40,3,gpu-3uwoq-6g3ya-1,3,0.030540,0.027825,8
e3-g8-rdma,41,3,gpu-3uwoq-6g3ya-1,3,0.030935,0.027825,8
e3-g8-rdma,42,3,gpu-3uwoq-6g3ya-1,3,0.030732,0.027825,8
e3-g8-rdma,43,3,gpu-3uwoq-6g3ya-1,3,0.031024,0.027825,8
e3-g8-rdma,44,3,gpu-3uwoq-6g3ya-1,3,0.030694,0.027825,8
e3-g8-rdma,45,3,gpu-3uwoq-6g3ya-1,3,0.030741,0.027825,8
e3-g8-rdma,46,3,gpu-3uwoq-6g3ya-1,3,0.030878,0.027825,8
e3-g8-rdma,47,3,gpu-3uwoq-6g3ya-1,3,0.030571,0.027825,8
e3-g8-rdma,48,3,gpu-3uwoq-6g3ya-1,3,0.031181,0.027825,8
e3-g8-rdma,49,3,gpu-3uwoq-6g3ya-1,3,0.031711,0.027825,8
e3-g8-rdma,0,4,gpu-3uwoq-6g3ya-2,0,0.034898,0.028436,8
e3-g8-rdma,1,4,gpu-3uwoq-6g3ya-2,0,0.028789,0.028436,8
e3-g8-rdma,2,4,gpu-3uwoq-6g3ya-2,0,0.029300,0.028436,8
e3-g8-rdma,3,4,gpu-3uwoq-6g3ya-2,0,0.029378,0.028436,8
e3-g8-rdma,4,4,gpu-3uwoq-6g3ya-2,0,0.029579,0.028436,8
e3-g8-rdma,5,4,gpu-3uwoq-6g3ya-2,0,0.030034,0.028436,8
e3-g8-rdma,6,4,gpu-3uwoq-6g3ya-2,0,0.030247,0.028436,8
e3-g8-rdma,7,4,gpu-3uwoq-6g3ya-2,0,0.029916,0.028436,8
e3-g8-rdma,8,4,gpu-3uwoq-6g3ya-2,0,0.030339,0.028436,8
e3-g8-rdma,9,4,gpu-3uwoq-6g3ya-2,0,0.029954,0.028436,8
e3-g8-rdma,10,4,gpu-3uwoq-6g3ya-2,0,0.030076,0.028436,8
e3-g8-rdma,11,4,gpu-3uwoq-6g3ya-2,0,0.030367,0.028436,8
e3-g8-rdma,12,4,gpu-3uwoq-6g3ya-2,0,0.030090,0.028436,8
e3-g8-rdma,13,4,gpu-3uwoq-6g3ya-2,0,0.030650,0.028436,8
e3-g8-rdma,14,4,gpu-3uwoq-6g3ya-2,0,0.030311,0.028436,8
e3-g8-rdma,15,4,gpu-3uwoq-6g3ya-2,0,0.030683,0.028436,8
e3-g8-rdma,16,4,gpu-3uwoq-6g3ya-2,0,0.031058,0.028436,8
e3-g8-rdma,17,4,gpu-3uwoq-6g3ya-2,0,0.030675,0.028436,8
e3-g8-rdma,18,4,gpu-3uwoq-6g3ya-2,0,0.031115,0.028436,8
e3-g8-rdma,19,4,gpu-3uwoq-6g3ya-2,0,0.030636,0.028436,8
e3-g8-rdma,20,4,gpu-3uwoq-6g3ya-2,0,0.030594,0.028436,8
e3-g8-rdma,21,4,gpu-3uwoq-6g3ya-2,0,0.031083,0.028436,8
e3-g8-rdma,22,4,gpu-3uwoq-6g3ya-2,0,0.030723,0.028436,8
e3-g8-rdma,23,4,gpu-3uwoq-6g3ya-2,0,0.030803,0.028436,8
e3-g8-rdma,24,4,gpu-3uwoq-6g3ya-2,0,0.030552,0.028436,8
e3-g8-rdma,25,4,gpu-3uwoq-6g3ya-2,0,0.030726,0.028436,8
e3-g8-rdma,26,4,gpu-3uwoq-6g3ya-2,0,0.030584,0.028436,8
e3-g8-rdma,27,4,gpu-3uwoq-6g3ya-2,0,0.030552,0.028436,8
e3-g8-rdma,28,4,gpu-3uwoq-6g3ya-2,0,0.030680,0.028436,8
e3-g8-rdma,29,4,gpu-3uwoq-6g3ya-2,0,0.030907,0.028436,8
e3-g8-rdma,30,4,gpu-3uwoq-6g3ya-2,0,0.030646,0.028436,8
e3-g8-rdma,31,4,gpu-3uwoq-6g3ya-2,0,0.030870,0.028436,8
e3-g8-rdma,32,4,gpu-3uwoq-6g3ya-2,0,0.030599,0.028436,8
e3-g8-rdma,33,4,gpu-3uwoq-6g3ya-2,0,0.030770,0.028436,8
e3-g8-rdma,34,4,gpu-3uwoq-6g3ya-2,0,0.030790,0.028436,8
e3-g8-rdma,35,4,gpu-3uwoq-6g3ya-2,0,0.030984,0.028436,8
e3-g8-rdma,36,4,gpu-3uwoq-6g3ya-2,0,0.030589,0.028436,8
e3-g8-rdma,37,4,gpu-3uwoq-6g3ya-2,0,0.030463,0.028436,8
e3-g8-rdma,38,4,gpu-3uwoq-6g3ya-2,0,0.030585,0.028436,8
e3-g8-rdma,39,4,gpu-3uwoq-6g3ya-2,0,0.030541,0.028436,8
e3-g8-rdma,40,4,gpu-3uwoq-6g3ya-2,0,0.030546,0.028436,8
e3-g8-rdma,41,4,gpu-3uwoq-6g3ya-2,0,0.030948,0.028436,8
e3-g8-rdma,42,4,gpu-3uwoq-6g3ya-2,0,0.030721,0.028436,8
e3-g8-rdma,43,4,gpu-3uwoq-6g3ya-2,0,0.031028,0.028436,8
e3-g8-rdma,44,4,gpu-3uwoq-6g3ya-2,0,0.030681,0.028436,8
e3-g8-rdma,45,4,gpu-3uwoq-6g3ya-2,0,0.030778,0.028436,8
e3-g8-rdma,46,4,gpu-3uwoq-6g3ya-2,0,0.030848,0.028436,8
e3-g8-rdma,47,4,gpu-3uwoq-6g3ya-2,0,0.030556,0.028436,8
e3-g8-rdma,48,4,gpu-3uwoq-6g3ya-2,0,0.031206,0.028436,8
e3-g8-rdma,49,4,gpu-3uwoq-6g3ya-2,0,0.031705,0.028436,8
e3-g8-rdma,0,5,gpu-3uwoq-6g3ya-2,1,0.034836,0.028509,8
e3-g8-rdma,1,5,gpu-3uwoq-6g3ya-2,1,0.028788,0.028509,8
e3-g8-rdma,2,5,gpu-3uwoq-6g3ya-2,1,0.029300,0.028509,8
e3-g8-rdma,3,5,gpu-3uwoq-6g3ya-2,1,0.029369,0.028509,8
e3-g8-rdma,4,5,gpu-3uwoq-6g3ya-2,1,0.029594,0.028509,8
e3-g8-rdma,5,5,gpu-3uwoq-6g3ya-2,1,0.030030,0.028509,8
e3-g8-rdma,6,5,gpu-3uwoq-6g3ya-2,1,0.030244,0.028509,8
e3-g8-rdma,7,5,gpu-3uwoq-6g3ya-2,1,0.029909,0.028509,8
e3-g8-rdma,8,5,gpu-3uwoq-6g3ya-2,1,0.030343,0.028509,8
e3-g8-rdma,9,5,gpu-3uwoq-6g3ya-2,1,0.029961,0.028509,8
e3-g8-rdma,10,5,gpu-3uwoq-6g3ya-2,1,0.030058,0.028509,8
e3-g8-rdma,11,5,gpu-3uwoq-6g3ya-2,1,0.030375,0.028509,8
e3-g8-rdma,12,5,gpu-3uwoq-6g3ya-2,1,0.030094,0.028509,8
e3-g8-rdma,13,5,gpu-3uwoq-6g3ya-2,1,0.030652,0.028509,8
e3-g8-rdma,14,5,gpu-3uwoq-6g3ya-2,1,0.030311,0.028509,8
e3-g8-rdma,15,5,gpu-3uwoq-6g3ya-2,1,0.030660,0.028509,8
e3-g8-rdma,16,5,gpu-3uwoq-6g3ya-2,1,0.031083,0.028509,8
e3-g8-rdma,17,5,gpu-3uwoq-6g3ya-2,1,0.030674,0.028509,8
e3-g8-rdma,18,5,gpu-3uwoq-6g3ya-2,1,0.031116,0.028509,8
e3-g8-rdma,19,5,gpu-3uwoq-6g3ya-2,1,0.030636,0.028509,8
e3-g8-rdma,20,5,gpu-3uwoq-6g3ya-2,1,0.030592,0.028509,8
e3-g8-rdma,21,5,gpu-3uwoq-6g3ya-2,1,0.031087,0.028509,8
e3-g8-rdma,22,5,gpu-3uwoq-6g3ya-2,1,0.030724,0.028509,8
e3-g8-rdma,23,5,gpu-3uwoq-6g3ya-2,1,0.030776,0.028509,8
e3-g8-rdma,24,5,gpu-3uwoq-6g3ya-2,1,0.030575,0.028509,8
e3-g8-rdma,25,5,gpu-3uwoq-6g3ya-2,1,0.030726,0.028509,8
e3-g8-rdma,26,5,gpu-3uwoq-6g3ya-2,1,0.030586,0.028509,8
e3-g8-rdma,27,5,gpu-3uwoq-6g3ya-2,1,0.030553,0.028509,8
e3-g8-rdma,28,5,gpu-3uwoq-6g3ya-2,1,0.030672,0.028509,8
e3-g8-rdma,29,5,gpu-3uwoq-6g3ya-2,1,0.030909,0.028509,8
e3-g8-rdma,30,5,gpu-3uwoq-6g3ya-2,1,0.030648,0.028509,8
e3-g8-rdma,31,5,gpu-3uwoq-6g3ya-2,1,0.030870,0.028509,8
e3-g8-rdma,32,5,gpu-3uwoq-6g3ya-2,1,0.030600,0.028509,8
e3-g8-rdma,33,5,gpu-3uwoq-6g3ya-2,1,0.030773,0.028509,8
e3-g8-rdma,34,5,gpu-3uwoq-6g3ya-2,1,0.030790,0.028509,8
e3-g8-rdma,35,5,gpu-3uwoq-6g3ya-2,1,0.030979,0.028509,8
e3-g8-rdma,36,5,gpu-3uwoq-6g3ya-2,1,0.030591,0.028509,8
e3-g8-rdma,37,5,gpu-3uwoq-6g3ya-2,1,0.030469,0.028509,8
e3-g8-rdma,38,5,gpu-3uwoq-6g3ya-2,1,0.030580,0.028509,8
e3-g8-rdma,39,5,gpu-3uwoq-6g3ya-2,1,0.030538,0.028509,8
e3-g8-rdma,40,5,gpu-3uwoq-6g3ya-2,1,0.030543,0.028509,8
e3-g8-rdma,41,5,gpu-3uwoq-6g3ya-2,1,0.030953,0.028509,8
e3-g8-rdma,42,5,gpu-3uwoq-6g3ya-2,1,0.030719,0.028509,8
e3-g8-rdma,43,5,gpu-3uwoq-6g3ya-2,1,0.031026,0.028509,8
e3-g8-rdma,44,5,gpu-3uwoq-6g3ya-2,1,0.030687,0.028509,8
e3-g8-rdma,45,5,gpu-3uwoq-6g3ya-2,1,0.030764,0.028509,8
e3-g8-rdma,46,5,gpu-3uwoq-6g3ya-2,1,0.030856,0.028509,8
e3-g8-rdma,47,5,gpu-3uwoq-6g3ya-2,1,0.030562,0.028509,8
e3-g8-rdma,48,5,gpu-3uwoq-6g3ya-2,1,0.031204,0.028509,8
e3-g8-rdma,49,5,gpu-3uwoq-6g3ya-2,1,0.031703,0.028509,8
e3-g8-rdma,0,6,gpu-3uwoq-6g3ya-2,2,0.034833,0.028888,8
e3-g8-rdma,1,6,gpu-3uwoq-6g3ya-2,2,0.028787,0.028888,8
e3-g8-rdma,2,6,gpu-3uwoq-6g3ya-2,2,0.029304,0.028888,8
e3-g8-rdma,3,6,gpu-3uwoq-6g3ya-2,2,0.029365,0.028888,8
e3-g8-rdma,4,6,gpu-3uwoq-6g3ya-2,2,0.029593,0.028888,8
e3-g8-rdma,5,6,gpu-3uwoq-6g3ya-2,2,0.030027,0.028888,8
e3-g8-rdma,6,6,gpu-3uwoq-6g3ya-2,2,0.030244,0.028888,8
e3-g8-rdma,7,6,gpu-3uwoq-6g3ya-2,2,0.029911,0.028888,8
e3-g8-rdma,8,6,gpu-3uwoq-6g3ya-2,2,0.030344,0.028888,8
e3-g8-rdma,9,6,gpu-3uwoq-6g3ya-2,2,0.029959,0.028888,8
e3-g8-rdma,10,6,gpu-3uwoq-6g3ya-2,2,0.030057,0.028888,8
e3-g8-rdma,11,6,gpu-3uwoq-6g3ya-2,2,0.030376,0.028888,8
e3-g8-rdma,12,6,gpu-3uwoq-6g3ya-2,2,0.030096,0.028888,8
e3-g8-rdma,13,6,gpu-3uwoq-6g3ya-2,2,0.030646,0.028888,8
e3-g8-rdma,14,6,gpu-3uwoq-6g3ya-2,2,0.030319,0.028888,8
e3-g8-rdma,15,6,gpu-3uwoq-6g3ya-2,2,0.030655,0.028888,8
e3-g8-rdma,16,6,gpu-3uwoq-6g3ya-2,2,0.031087,0.028888,8
e3-g8-rdma,17,6,gpu-3uwoq-6g3ya-2,2,0.030663,0.028888,8
e3-g8-rdma,18,6,gpu-3uwoq-6g3ya-2,2,0.031122,0.028888,8
e3-g8-rdma,19,6,gpu-3uwoq-6g3ya-2,2,0.030639,0.028888,8
e3-g8-rdma,20,6,gpu-3uwoq-6g3ya-2,2,0.030593,0.028888,8
e3-g8-rdma,21,6,gpu-3uwoq-6g3ya-2,2,0.031077,0.028888,8
e3-g8-rdma,22,6,gpu-3uwoq-6g3ya-2,2,0.030729,0.028888,8
e3-g8-rdma,23,6,gpu-3uwoq-6g3ya-2,2,0.030775,0.028888,8
e3-g8-rdma,24,6,gpu-3uwoq-6g3ya-2,2,0.030571,0.028888,8
e3-g8-rdma,25,6,gpu-3uwoq-6g3ya-2,2,0.030724,0.028888,8
e3-g8-rdma,26,6,gpu-3uwoq-6g3ya-2,2,0.030583,0.028888,8
e3-g8-rdma,27,6,gpu-3uwoq-6g3ya-2,2,0.030557,0.028888,8
e3-g8-rdma,28,6,gpu-3uwoq-6g3ya-2,2,0.030675,0.028888,8
e3-g8-rdma,29,6,gpu-3uwoq-6g3ya-2,2,0.030908,0.028888,8
e3-g8-rdma,30,6,gpu-3uwoq-6g3ya-2,2,0.030645,0.028888,8
e3-g8-rdma,31,6,gpu-3uwoq-6g3ya-2,2,0.030872,0.028888,8
e3-g8-rdma,32,6,gpu-3uwoq-6g3ya-2,2,0.030597,0.028888,8
e3-g8-rdma,33,6,gpu-3uwoq-6g3ya-2,2,0.030777,0.028888,8
e3-g8-rdma,34,6,gpu-3uwoq-6g3ya-2,2,0.030787,0.028888,8
e3-g8-rdma,35,6,gpu-3uwoq-6g3ya-2,2,0.030979,0.028888,8
e3-g8-rdma,36,6,gpu-3uwoq-6g3ya-2,2,0.030588,0.028888,8
e3-g8-rdma,37,6,gpu-3uwoq-6g3ya-2,2,0.030470,0.028888,8
e3-g8-rdma,38,6,gpu-3uwoq-6g3ya-2,2,0.030580,0.028888,8
e3-g8-rdma,39,6,gpu-3uwoq-6g3ya-2,2,0.030539,0.028888,8
e3-g8-rdma,40,6,gpu-3uwoq-6g3ya-2,2,0.030537,0.028888,8
e3-g8-rdma,41,6,gpu-3uwoq-6g3ya-2,2,0.030960,0.028888,8
e3-g8-rdma,42,6,gpu-3uwoq-6g3ya-2,2,0.030716,0.028888,8
e3-g8-rdma,43,6,gpu-3uwoq-6g3ya-2,2,0.031023,0.028888,8
e3-g8-rdma,44,6,gpu-3uwoq-6g3ya-2,2,0.030682,0.028888,8
e3-g8-rdma,45,6,gpu-3uwoq-6g3ya-2,2,0.030767,0.028888,8
e3-g8-rdma,46,6,gpu-3uwoq-6g3ya-2,2,0.030857,0.028888,8
e3-g8-rdma,47,6,gpu-3uwoq-6g3ya-2,2,0.030556,0.028888,8
e3-g8-rdma,48,6,gpu-3uwoq-6g3ya-2,2,0.031209,0.028888,8
e3-g8-rdma,49,6,gpu-3uwoq-6g3ya-2,2,0.031707,0.028888,8
e3-g8-rdma,0,7,gpu-3uwoq-6g3ya-2,3,0.034811,0.028741,8
e3-g8-rdma,1,7,gpu-3uwoq-6g3ya-2,3,0.028789,0.028741,8
e3-g8-rdma,2,7,gpu-3uwoq-6g3ya-2,3,0.029304,0.028741,8
e3-g8-rdma,3,7,gpu-3uwoq-6g3ya-2,3,0.029365,0.028741,8
e3-g8-rdma,4,7,gpu-3uwoq-6g3ya-2,3,0.029588,0.028741,8
e3-g8-rdma,5,7,gpu-3uwoq-6g3ya-2,3,0.030031,0.028741,8
e3-g8-rdma,6,7,gpu-3uwoq-6g3ya-2,3,0.030248,0.028741,8
e3-g8-rdma,7,7,gpu-3uwoq-6g3ya-2,3,0.029910,0.028741,8
e3-g8-rdma,8,7,gpu-3uwoq-6g3ya-2,3,0.030344,0.028741,8
e3-g8-rdma,9,7,gpu-3uwoq-6g3ya-2,3,0.029958,0.028741,8
e3-g8-rdma,10,7,gpu-3uwoq-6g3ya-2,3,0.030052,0.028741,8
e3-g8-rdma,11,7,gpu-3uwoq-6g3ya-2,3,0.030380,0.028741,8
e3-g8-rdma,12,7,gpu-3uwoq-6g3ya-2,3,0.030099,0.028741,8
e3-g8-rdma,13,7,gpu-3uwoq-6g3ya-2,3,0.030647,0.028741,8
e3-g8-rdma,14,7,gpu-3uwoq-6g3ya-2,3,0.030313,0.028741,8
e3-g8-rdma,15,7,gpu-3uwoq-6g3ya-2,3,0.030658,0.028741,8
e3-g8-rdma,16,7,gpu-3uwoq-6g3ya-2,3,0.031081,0.028741,8
e3-g8-rdma,17,7,gpu-3uwoq-6g3ya-2,3,0.030671,0.028741,8
e3-g8-rdma,18,7,gpu-3uwoq-6g3ya-2,3,0.031116,0.028741,8
e3-g8-rdma,19,7,gpu-3uwoq-6g3ya-2,3,0.030635,0.028741,8
e3-g8-rdma,20,7,gpu-3uwoq-6g3ya-2,3,0.030597,0.028741,8
e3-g8-rdma,21,7,gpu-3uwoq-6g3ya-2,3,0.031078,0.028741,8
e3-g8-rdma,22,7,gpu-3uwoq-6g3ya-2,3,0.030723,0.028741,8
e3-g8-rdma,23,7,gpu-3uwoq-6g3ya-2,3,0.030780,0.028741,8
e3-g8-rdma,24,7,gpu-3uwoq-6g3ya-2,3,0.030578,0.028741,8
e3-g8-rdma,25,7,gpu-3uwoq-6g3ya-2,3,0.030720,0.028741,8
e3-g8-rdma,26,7,gpu-3uwoq-6g3ya-2,3,0.030577,0.028741,8
e3-g8-rdma,27,7,gpu-3uwoq-6g3ya-2,3,0.030561,0.028741,8
e3-g8-rdma,28,7,gpu-3uwoq-6g3ya-2,3,0.030672,0.028741,8
e3-g8-rdma,29,7,gpu-3uwoq-6g3ya-2,3,0.030908,0.028741,8
e3-g8-rdma,30,7,gpu-3uwoq-6g3ya-2,3,0.030649,0.028741,8
e3-g8-rdma,31,7,gpu-3uwoq-6g3ya-2,3,0.030862,0.028741,8
e3-g8-rdma,32,7,gpu-3uwoq-6g3ya-2,3,0.030598,0.028741,8
e3-g8-rdma,33,7,gpu-3uwoq-6g3ya-2,3,0.030778,0.028741,8
e3-g8-rdma,34,7,gpu-3uwoq-6g3ya-2,3,0.030788,0.028741,8
e3-g8-rdma,35,7,gpu-3uwoq-6g3ya-2,3,0.030982,0.028741,8
e3-g8-rdma,36,7,gpu-3uwoq-6g3ya-2,3,0.030585,0.028741,8
e3-g8-rdma,37,7,gpu-3uwoq-6g3ya-2,3,0.030467,0.028741,8
e3-g8-rdma,38,7,gpu-3uwoq-6g3ya-2,3,0.030582,0.028741,8
e3-g8-rdma,39,7,gpu-3uwoq-6g3ya-2,3,0.030538,0.028741,8
e3-g8-rdma,40,7,gpu-3uwoq-6g3ya-2,3,0.030539,0.028741,8
e3-g8-rdma,41,7,gpu-3uwoq-6g3ya-2,3,0.030957,0.028741,8
e3-g8-rdma,42,7,gpu-3uwoq-6g3ya-2,3,0.030717,0.028741,8
e3-g8-rdma,43,7,gpu-3uwoq-6g3ya-2,3,0.031031,0.028741,8
e3-g8-rdma,44,7,gpu-3uwoq-6g3ya-2,3,0.030680,0.028741,8
e3-g8-rdma,45,7,gpu-3uwoq-6g3ya-2,3,0.030765,0.028741,8
e3-g8-rdma,46,7,gpu-3uwoq-6g3ya-2,3,0.030853,0.028741,8
e3-g8-rdma,47,7,gpu-3uwoq-6g3ya-2,3,0.030560,0.028741,8
e3-g8-rdma,48,7,gpu-3uwoq-6g3ya-2,3,0.031206,0.028741,8
e3-g8-rdma,49,7,gpu-3uwoq-6g3ya-2,3,0.031703,0.028741,8
