bytes,size,nvlink,rdma,tcp,tcp-rail
1048576,1MiB,22.0040,20.3110,,
2097152,2MiB,50.6440,17.4540,,
4194304,4MiB,112.6170,51.3260,,
8388608,8MiB,198.5650,91.6800,,
16777216,16MiB,267.2530,132.3520,3.6830,73.0990
33554432,32MiB,361.5520,155.2420,,
67108864,64MiB,416.7530,287.4940,,
134217728,128MiB,537.2610,362.2130,,
268435456,256MiB,647.4710,405.4610,,
536870912,512MiB,694.9580,412.2430,4.4600,110.1110
1073741824,1GiB,718.4040,245.7730,,
2147483648,2GiB,819.7860,418.0740,,
4294967296,4GiB,832.0100,424.6620,4.1160,117.6120
8589934592,8GiB,835.3760,385.4500,,
