size,bytes,qps,n,busbw_mean,busbw_std,busbw_min,busbw_max,spread_pct_mean,delta_pct,p_value
16MiB,16777216,1,5,98.2696,1.7472,96.4510,101.0430,0.4180,0.0000,
16MiB,16777216,2,5,94.0310,1.9025,90.6730,95.2580,0.2194,-4.3132,0.0064
16MiB,16777216,4,5,80.0824,0.8532,79.1090,81.1300,0.3557,-18.5075,0.0000
512MiB,536870912,1,5,412.5614,4.5297,407.2950,418.7560,0.2868,0.0000,
512MiB,536870912,2,5,375.6604,4.6097,371.3190,382.2520,0.3075,-8.9444,0.0000
512MiB,536870912,4,5,278.9532,1.7101,276.6950,281.1450,0.2358,-32.3850,0.0000
4GiB,4294967296,1,5,407.9994,24.2503,383.3220,446.9990,0.0852,0.0000,
4GiB,4294967296,2,5,375.3268,57.4273,273.8040,412.8670,0.0554,-8.0080,0.2905
4GiB,4294967296,4,5,291.0208,3.1734,287.3260,296.0260,0.0448,-28.6713,0.0004
