run_id,phase,bytes,rank,host,local_rank,iter,seconds
e4-qps1-r1,timed-16MiB,16777216,0,gpu-3uwoq-6g3ya-1,0,0,0.000646
e4-qps1-r1,timed-16MiB,16777216,0,gpu-3uwoq-6g3ya-1,0,1,0.000239
e4-qps1-r1,timed-16MiB,16777216,0,gpu-3uwoq-6g3ya-1,0,2,0.000241
e4-qps1-r1,timed-16MiB,16777216,0,gpu-3uwoq-6g3ya-1,0,3,0.000241
e4-qps1-r1,timed-16MiB,16777216,0,gpu-3uwoq-6g3ya-1,0,4,0.000240
e4-qps1-r1,timed-16MiB,16777216,0,gpu-3uwoq-6g3ya-1,0,5,0.000238
e4-qps1-r1,timed-16MiB,16777216,0,gpu-3uwoq-6g3ya-1,0,6,0.000240
e4-qps1-r1,timed-16MiB,16777216,0,gpu-3uwoq-6g3ya-1,0,7,0.000233
e4-qps1-r1,timed-16MiB,16777216,0,gpu-3uwoq-6g3ya-1,0,8,0.000233
e4-qps1-r1,timed-16MiB,16777216,0,gpu-3uwoq-6g3ya-1,0,9,0.000236
e4-qps1-r1,timed-16MiB,16777216,0,gpu-3uwoq-6g3ya-1,0,10,0.003091
e4-qps1-r1,timed-16MiB,16777216,0,gpu-3uwoq-6g3ya-1,0,11,0.002768
e4-qps1-r1,timed-16MiB,16777216,0,gpu-3uwoq-6g3ya-1,0,12,0.002110
e4-qps1-r1,timed-16MiB,16777216,0,gpu-3uwoq-6g3ya-1,0,13,0.000238
e4-qps1-r1,timed-16MiB,16777216,0,gpu-3uwoq-6g3ya-1,0,14,0.000231
e4-qps1-r1,timed-16MiB,16777216,0,gpu-3uwoq-6g3ya-1,0,15,0.000234
e4-qps1-r1,timed-16MiB,16777216,0,gpu-3uwoq-6g3ya-1,0,16,0.000233
e4-qps1-r1,timed-16MiB,16777216,0,gpu-3uwoq-6g3ya-1,0,17,0.000236
e4-qps1-r1,timed-16MiB,16777216,0,gpu-3uwoq-6g3ya-1,0,18,0.000229
e4-qps1-r1,timed-16MiB,16777216,0,gpu-3uwoq-6g3ya-1,0,19,0.000230
e4-qps1-r1,timed-16MiB,16777216,0,gpu-3uwoq-6g3ya-1,0,20,0.000233
e4-qps1-r1,timed-16MiB,16777216,0,gpu-3uwoq-6g3ya-1,0,21,0.000239
e4-qps1-r1,timed-16MiB,16777216,0,gpu-3uwoq-6g3ya-1,0,22,0.000218
e4-qps1-r1,timed-16MiB,16777216,0,gpu-3uwoq-6g3ya-1,0,23,0.000238
e4-qps1-r1,timed-16MiB,16777216,0,gpu-3uwoq-6g3ya-1,0,24,0.000227
e4-qps1-r1,timed-16MiB,16777216,0,gpu-3uwoq-6g3ya-1,0,25,0.000236
e4-qps1-r1,timed-16MiB,16777216,0,gpu-3uwoq-6g3ya-1,0,26,0.000234
e4-qps1-r1,timed-16MiB,16777216,0,gpu-3uwoq-6g3ya-1,0,27,0.000234
e4-qps1-r1,timed-16MiB,16777216,0,gpu-3uwoq-6g3ya-1,0,28,0.000225
e4-qps1-r1,timed-16MiB,16777216,0,gpu-3uwoq-6g3ya-1,0,29,0.000232
e4-qps1-r1,timed-16MiB,16777216,0,gpu-3uwoq-6g3ya-1,0,30,0.000231
e4-qps1-r1,timed-16MiB,16777216,0,gpu-3uwoq-6g3ya-1,0,31,0.000224
e4-qps1-r1,timed-16MiB,16777216,0,gpu-3uwoq-6g3ya-1,0,32,0.000229
e4-qps1-r1,timed-16MiB,16777216,0,gpu-3uwoq-6g3ya-1,0,33,0.000228
e4-qps1-r1,timed-16MiB,16777216,0,gpu-3uwoq-6g3ya-1,0,34,0.000229
e4-qps1-r1,timed-16MiB,16777216,0,gpu-3uwoq-6g3ya-1,0,35,0.000228
e4-qps1-r1,timed-16MiB,16777216,0,gpu-3uwoq-6g3ya-1,0,36,0.000231
e4-qps1-r1,timed-16MiB,16777216,0,gpu-3uwoq-6g3ya-1,0,37,0.000234
e4-qps1-r1,timed-16MiB,16777216,0,gpu-3uwoq-6g3ya-1,0,38,0.000231
e4-qps1-r1,timed-16MiB,16777216,0,gpu-3uwoq-6g3ya-1,0,39,0.000218
e4-qps1-r1,timed-16MiB,16777216,0,gpu-3uwoq-6g3ya-1,0,40,0.000229
e4-qps1-r1,timed-16MiB,16777216,0,gpu-3uwoq-6g3ya-1,0,41,0.000226
e4-qps1-r1,timed-16MiB,16777216,0,gpu-3uwoq-6g3ya-1,0,42,0.000231
e4-qps1-r1,timed-16MiB,16777216,0,gpu-3uwoq-6g3ya-1,0,43,0.000224
e4-qps1-r1,timed-16MiB,16777216,0,gpu-3uwoq-6g3ya-1,0,44,0.000231
e4-qps1-r1,timed-16MiB,16777216,0,gpu-3uwoq-6g3ya-1,0,45,0.000226
e4-qps1-r1,timed-16MiB,16777216,0,gpu-3uwoq-6g3ya-1,0,46,0.000225
e4-qps1-r1,timed-16MiB,16777216,0,gpu-3uwoq-6g3ya-1,0,47,0.000224
e4-qps1-r1,timed-16MiB,16777216,0,gpu-3uwoq-6g3ya-1,0,48,0.000223
e4-qps1-r1,timed-16MiB,16777216,0,gpu-3uwoq-6g3ya-1,0,49,0.000230
e4-qps1-r1,timed-16MiB,16777216,0,gpu-3uwoq-6g3ya-1,0,50,0.000227
e4-qps1-r1,timed-16MiB,16777216,0,gpu-3uwoq-6g3ya-1,0,51,0.000220
e4-qps1-r1,timed-16MiB,16777216,0,gpu-3uwoq-6g3ya-1,0,52,0.000222
e4-qps1-r1,timed-16MiB,16777216,0,gpu-3uwoq-6g3ya-1,0,53,0.000224
e4-qps1-r1,timed-16MiB,16777216,0,gpu-3uwoq-6g3ya-1,0,54,0.000227
e4-qps1-r1,timed-16MiB,16777216,0,gpu-3uwoq-6g3ya-1,0,55,0.000216
e4-qps1-r1,timed-16MiB,16777216,0,gpu-3uwoq-6g3ya-1,0,56,0.000226
e4-qps1-r1,timed-16MiB,16777216,0,gpu-3uwoq-6g3ya-1,0,57,0.000229
e4-qps1-r1,timed-16MiB,16777216,0,gpu-3uwoq-6g3ya-1,0,58,0.000230
e4-qps1-r1,timed-16MiB,16777216,0,gpu-3uwoq-6g3ya-1,0,59,0.000226
e4-qps1-r1,timed-16MiB,16777216,0,gpu-3uwoq-6g3ya-1,0,60,0.000218
e4-qps1-r1,timed-16MiB,16777216,0,gpu-3uwoq-6g3ya-1,0,61,0.000220
e4-qps1-r1,timed-16MiB,16777216,0,gpu-3uwoq-6g3ya-1,0,62,0.000227
e4-qps1-r1,timed-16MiB,16777216,0,gpu-3uwoq-6g3ya-1,0,63,0.000218
e4-qps1-r1,timed-16MiB,16777216,0,gpu-3uwoq-6g3ya-1,0,64,0.000227
e4-qps1-r1,timed-16MiB,16777216,0,gpu-3uwoq-6g3ya-1,0,65,0.000232
e4-qps1-r1,timed-16MiB,16777216,0,gpu-3uwoq-6g3ya-1,0,66,0.000225
e4-qps1-r1,timed-16MiB,16777216,0,gpu-3uwoq-6g3ya-1,0,67,0.000218
e4-qps1-r1,timed-16MiB,16777216,0,gpu-3uwoq-6g3ya-1,0,68,0.000224
e4-qps1-r1,timed-16MiB,16777216,0,gpu-3uwoq-6g3ya-1,0,69,0.000234
e4-qps1-r1,timed-16MiB,16777216,0,gpu-3uwoq-6g3ya-1,0,70,0.000220
e4-qps1-r1,timed-16MiB,16777216,0,gpu-3uwoq-6g3ya-1,0,71,0.000222
e4-qps1-r1,timed-16MiB,16777216,0,gpu-3uwoq-6g3ya-1,0,72,0.000220
e4-qps1-r1,timed-16MiB,16777216,0,gpu-3uwoq-6g3ya-1,0,73,0.000226
e4-qps1-r1,timed-16MiB,16777216,0,gpu-3uwoq-6g3ya-1,0,74,0.000225
e4-qps1-r1,timed-16MiB,16777216,0,gpu-3uwoq-6g3ya-1,0,75,0.000222
e4-qps1-r1,timed-16MiB,16777216,0,gpu-3uwoq-6g3ya-1,0,76,0.000221
e4-qps1-r1,timed-16MiB,16777216,0,gpu-3uwoq-6g3ya-1,0,77,0.000224
e4-qps1-r1,timed-16MiB,16777216,0,gpu-3uwoq-6g3ya-1,0,78,0.000226
e4-qps1-r1,timed-16MiB,16777216,0,gpu-3uwoq-6g3ya-1,0,79,0.000218
e4-qps1-r1,timed-16MiB,16777216,0,gpu-3uwoq-6g3ya-1,0,80,0.000222
e4-qps1-r1,timed-16MiB,16777216,0,gpu-3uwoq-6g3ya-1,0,81,0.000226
e4-qps1-r1,timed-16MiB,16777216,0,gpu-3uwoq-6g3ya-1,0,82,0.000225
e4-qps1-r1,timed-16MiB,16777216,0,gpu-3uwoq-6g3ya-1,0,83,0.000220
e4-qps1-r1,timed-16MiB,16777216,0,gpu-3uwoq-6g3ya-1,0,84,0.000226
e4-qps1-r1,timed-16MiB,16777216,0,gpu-3uwoq-6g3ya-1,0,85,0.000227
e4-qps1-r1,timed-16MiB,16777216,0,gpu-3uwoq-6g3ya-1,0,86,0.000224
e4-qps1-r1,timed-16MiB,16777216,0,gpu-3uwoq-6g3ya-1,0,87,0.000216
e4-qps1-r1,timed-16MiB,16777216,0,gpu-3uwoq-6g3ya-1,0,88,0.000214
e4-qps1-r1,timed-16MiB,16777216,0,gpu-3uwoq-6g3ya-1,0,89,0.000232
e4-qps1-r1,timed-16MiB,16777216,0,gpu-3uwoq-6g3ya-1,0,90,0.000231
e4-qps1-r1,timed-16MiB,16777216,0,gpu-3uwoq-6g3ya-1,0,91,0.000216
e4-qps1-r1,timed-16MiB,16777216,0,gpu-3uwoq-6g3ya-1,0,92,0.000224
e4-qps1-r1,timed-16MiB,16777216,0,gpu-3uwoq-6g3ya-1,0,93,0.000224
e4-qps1-r1,timed-16MiB,16777216,0,gpu-3uwoq-6g3ya-1,0,94,0.000227
e4-qps1-r1,timed-16MiB,16777216,0,gpu-3uwoq-6g3ya-1,0,95,0.000218
e4-qps1-r1,timed-16MiB,16777216,0,gpu-3uwoq-6g3ya-1,0,96,0.000221
e4-qps1-r1,timed-16MiB,16777216,0,gpu-3uwoq-6g3ya-1,0,97,0.000224
e4-qps1-r1,timed-16MiB,16777216,0,gpu-3uwoq-6g3ya-1,0,98,0.000228
e4-qps1-r1,timed-16MiB,16777216,0,gpu-3uwoq-6g3ya-1,0,99,0.000203
e4-qps1-r1,timed-16MiB,16777216,1,gpu-3uwoq-6g3ya-1,1,0,0.000702
e4-qps1-r1,timed-16MiB,16777216,1,gpu-3uwoq-6g3ya-1,1,1,0.000238
e4-qps1-r1,timed-16MiB,16777216,1,gpu-3uwoq-6g3ya-1,1,2,0.000245
e4-qps1-r1,timed-16MiB,16777216,1,gpu-3uwoq-6g3ya-1,1,3,0.000239
e4-qps1-r1,timed-16MiB,16777216,1,gpu-3uwoq-6g3ya-1,1,4,0.000241
e4-qps1-r1,timed-16MiB,16777216,1,gpu-3uwoq-6g3ya-1,1,5,0.000237
e4-qps1-r1,timed-16MiB,16777216,1,gpu-3uwoq-6g3ya-1,1,6,0.000241
e4-qps1-r1,timed-16MiB,16777216,1,gpu-3uwoq-6g3ya-1,1,7,0.000231
e4-qps1-r1,timed-16MiB,16777216,1,gpu-3uwoq-6g3ya-1,1,8,0.000234
e4-qps1-r1,timed-16MiB,16777216,1,gpu-3uwoq-6g3ya-1,1,9,0.000236
e4-qps1-r1,timed-16MiB,16777216,1,gpu-3uwoq-6g3ya-1,1,10,0.003091
e4-qps1-r1,timed-16MiB,16777216,1,gpu-3uwoq-6g3ya-1,1,11,0.002769
e4-qps1-r1,timed-16MiB,16777216,1,gpu-3uwoq-6g3ya-1,1,12,0.002112
e4-qps1-r1,timed-16MiB,16777216,1,gpu-3uwoq-6g3ya-1,1,13,0.000240
e4-qps1-r1,timed-16MiB,16777216,1,gpu-3uwoq-6g3ya-1,1,14,0.000228
e4-qps1-r1,timed-16MiB,16777216,1,gpu-3uwoq-6g3ya-1,1,15,0.000238
e4-qps1-r1,timed-16MiB,16777216,1,gpu-3uwoq-6g3ya-1,1,16,0.000234
e4-qps1-r1,timed-16MiB,16777216,1,gpu-3uwoq-6g3ya-1,1,17,0.000238
e4-qps1-r1,timed-16MiB,16777216,1,gpu-3uwoq-6g3ya-1,1,18,0.000227
e4-qps1-r1,timed-16MiB,16777216,1,gpu-3uwoq-6g3ya-1,1,19,0.000232
e4-qps1-r1,timed-16MiB,16777216,1,gpu-3uwoq-6g3ya-1,1,20,0.000232
e4-qps1-r1,timed-16MiB,16777216,1,gpu-3uwoq-6g3ya-1,1,21,0.000239
e4-qps1-r1,timed-16MiB,16777216,1,gpu-3uwoq-6g3ya-1,1,22,0.000221
e4-qps1-r1,timed-16MiB,16777216,1,gpu-3uwoq-6g3ya-1,1,23,0.000236
e4-qps1-r1,timed-16MiB,16777216,1,gpu-3uwoq-6g3ya-1,1,24,0.000230
e4-qps1-r1,timed-16MiB,16777216,1,gpu-3uwoq-6g3ya-1,1,25,0.000236
e4-qps1-r1,timed-16MiB,16777216,1,gpu-3uwoq-6g3ya-1,1,26,0.000234
e4-qps1-r1,timed-16MiB,16777216,1,gpu-3uwoq-6g3ya-1,1,27,0.000236
e4-qps1-r1,timed-16MiB,16777216,1,gpu-3uwoq-6g3ya-1,1,28,0.000226
e4-qps1-r1,timed-16MiB,16777216,1,gpu-3uwoq-6g3ya-1,1,29,0.000234
e4-qps1-r1,timed-16MiB,16777216,1,gpu-3uwoq-6g3ya-1,1,30,0.000231
e4-qps1-r1,timed-16MiB,16777216,1,gpu-3uwoq-6g3ya-1,1,31,0.000223
e4-qps1-r1,timed-16MiB,16777216,1,gpu-3uwoq-6g3ya-1,1,32,0.000230
e4-qps1-r1,timed-16MiB,16777216,1,gpu-3uwoq-6g3ya-1,1,33,0.000230
e4-qps1-r1,timed-16MiB,16777216,1,gpu-3uwoq-6g3ya-1,1,34,0.000230
e4-qps1-r1,timed-16MiB,16777216,1,gpu-3uwoq-6g3ya-1,1,35,0.000228
e4-qps1-r1,timed-16MiB,16777216,1,gpu-3uwoq-6g3ya-1,1,36,0.000232
e4-qps1-r1,timed-16MiB,16777216,1,gpu-3uwoq-6g3ya-1,1,37,0.000236
e4-qps1-r1,timed-16MiB,16777216,1,gpu-3uwoq-6g3ya-1,1,38,0.000229
e4-qps1-r1,timed-16MiB,16777216,1,gpu-3uwoq-6g3ya-1,1,39,0.000220
e4-qps1-r1,timed-16MiB,16777216,1,gpu-3uwoq-6g3ya-1,1,40,0.000230
e4-qps1-r1,timed-16MiB,16777216,1,gpu-3uwoq-6g3ya-1,1,41,0.000226
e4-qps1-r1,timed-16MiB,16777216,1,gpu-3uwoq-6g3ya-1,1,42,0.000231
e4-qps1-r1,timed-16MiB,16777216,1,gpu-3uwoq-6g3ya-1,1,43,0.000225
e4-qps1-r1,timed-16MiB,16777216,1,gpu-3uwoq-6g3ya-1,1,44,0.000230
e4-qps1-r1,timed-16MiB,16777216,1,gpu-3uwoq-6g3ya-1,1,45,0.000228
e4-qps1-r1,timed-16MiB,16777216,1,gpu-3uwoq-6g3ya-1,1,46,0.000225
e4-qps1-r1,timed-16MiB,16777216,1,gpu-3uwoq-6g3ya-1,1,47,0.000225
e4-qps1-r1,timed-16MiB,16777216,1,gpu-3uwoq-6g3ya-1,1,48,0.000223
e4-qps1-r1,timed-16MiB,16777216,1,gpu-3uwoq-6g3ya-1,1,49,0.000230
e4-qps1-r1,timed-16MiB,16777216,1,gpu-3uwoq-6g3ya-1,1,50,0.000228
e4-qps1-r1,timed-16MiB,16777216,1,gpu-3uwoq-6g3ya-1,1,51,0.000221
e4-qps1-r1,timed-16MiB,16777216,1,gpu-3uwoq-6g3ya-1,1,52,0.000221
e4-qps1-r1,timed-16MiB,16777216,1,gpu-3uwoq-6g3ya-1,1,53,0.000225
e4-qps1-r1,timed-16MiB,16777216,1,gpu-3uwoq-6g3ya-1,1,54,0.000228
e4-qps1-r1,timed-16MiB,16777216,1,gpu-3uwoq-6g3ya-1,1,55,0.000217
e4-qps1-r1,timed-16MiB,16777216,1,gpu-3uwoq-6g3ya-1,1,56,0.000226
e4-qps1-r1,timed-16MiB,16777216,1,gpu-3uwoq-6g3ya-1,1,57,0.000229
e4-qps1-r1,timed-16MiB,16777216,1,gpu-3uwoq-6g3ya-1,1,58,0.000229
e4-qps1-r1,timed-16MiB,16777216,1,gpu-3uwoq-6g3ya-1,1,59,0.000227
e4-qps1-r1,timed-16MiB,16777216,1,gpu-3uwoq-6g3ya-1,1,60,0.000217
e4-qps1-r1,timed-16MiB,16777216,1,gpu-3uwoq-6g3ya-1,1,61,0.000221
e4-qps1-r1,timed-16MiB,16777216,1,gpu-3uwoq-6g3ya-1,1,62,0.000228
e4-qps1-r1,timed-16MiB,16777216,1,gpu-3uwoq-6g3ya-1,1,63,0.000217
e4-qps1-r1,timed-16MiB,16777216,1,gpu-3uwoq-6g3ya-1,1,64,0.000228
e4-qps1-r1,timed-16MiB,16777216,1,gpu-3uwoq-6g3ya-1,1,65,0.000234
e4-qps1-r1,timed-16MiB,16777216,1,gpu-3uwoq-6g3ya-1,1,66,0.000226
e4-qps1-r1,timed-16MiB,16777216,1,gpu-3uwoq-6g3ya-1,1,67,0.000217
e4-qps1-r1,timed-16MiB,16777216,1,gpu-3uwoq-6g3ya-1,1,68,0.000226
e4-qps1-r1,timed-16MiB,16777216,1,gpu-3uwoq-6g3ya-1,1,69,0.000234
e4-qps1-r1,timed-16MiB,16777216,1,gpu-3uwoq-6g3ya-1,1,70,0.000221
e4-qps1-r1,timed-16MiB,16777216,1,gpu-3uwoq-6g3ya-1,1,71,0.000221
e4-qps1-r1,timed-16MiB,16777216,1,gpu-3uwoq-6g3ya-1,1,72,0.000221
e4-qps1-r1,timed-16MiB,16777216,1,gpu-3uwoq-6g3ya-1,1,73,0.000227
e4-qps1-r1,timed-16MiB,16777216,1,gpu-3uwoq-6g3ya-1,1,74,0.000223
e4-qps1-r1,timed-16MiB,16777216,1,gpu-3uwoq-6g3ya-1,1,75,0.000223
e4-qps1-r1,timed-16MiB,16777216,1,gpu-3uwoq-6g3ya-1,1,76,0.000223
e4-qps1-r1,timed-16MiB,16777216,1,gpu-3uwoq-6g3ya-1,1,77,0.000223
e4-qps1-r1,timed-16MiB,16777216,1,gpu-3uwoq-6g3ya-1,1,78,0.000226
e4-qps1-r1,timed-16MiB,16777216,1,gpu-3uwoq-6g3ya-1,1,79,0.000217
e4-qps1-r1,timed-16MiB,16777216,1,gpu-3uwoq-6g3ya-1,1,80,0.000223
e4-qps1-r1,timed-16MiB,16777216,1,gpu-3uwoq-6g3ya-1,1,81,0.000228
e4-qps1-r1,timed-16MiB,16777216,1,gpu-3uwoq-6g3ya-1,1,82,0.000225
e4-qps1-r1,timed-16MiB,16777216,1,gpu-3uwoq-6g3ya-1,1,83,0.000221
e4-qps1-r1,timed-16MiB,16777216,1,gpu-3uwoq-6g3ya-1,1,84,0.000225
e4-qps1-r1,timed-16MiB,16777216,1,gpu-3uwoq-6g3ya-1,1,85,0.000226
e4-qps1-r1,timed-16MiB,16777216,1,gpu-3uwoq-6g3ya-1,1,86,0.000225
e4-qps1-r1,timed-16MiB,16777216,1,gpu-3uwoq-6g3ya-1,1,87,0.000218
e4-qps1-r1,timed-16MiB,16777216,1,gpu-3uwoq-6g3ya-1,1,88,0.000215
e4-qps1-r1,timed-16MiB,16777216,1,gpu-3uwoq-6g3ya-1,1,89,0.000230
e4-qps1-r1,timed-16MiB,16777216,1,gpu-3uwoq-6g3ya-1,1,90,0.000234
e4-qps1-r1,timed-16MiB,16777216,1,gpu-3uwoq-6g3ya-1,1,91,0.000215
e4-qps1-r1,timed-16MiB,16777216,1,gpu-3uwoq-6g3ya-1,1,92,0.000223
e4-qps1-r1,timed-16MiB,16777216,1,gpu-3uwoq-6g3ya-1,1,93,0.000225
e4-qps1-r1,timed-16MiB,16777216,1,gpu-3uwoq-6g3ya-1,1,94,0.000228
e4-qps1-r1,timed-16MiB,16777216,1,gpu-3uwoq-6g3ya-1,1,95,0.000217
e4-qps1-r1,timed-16MiB,16777216,1,gpu-3uwoq-6g3ya-1,1,96,0.000223
e4-qps1-r1,timed-16MiB,16777216,1,gpu-3uwoq-6g3ya-1,1,97,0.000223
e4-qps1-r1,timed-16MiB,16777216,1,gpu-3uwoq-6g3ya-1,1,98,0.000227
e4-qps1-r1,timed-16MiB,16777216,1,gpu-3uwoq-6g3ya-1,1,99,0.000205
e4-qps1-r1,timed-16MiB,16777216,2,gpu-3uwoq-6g3ya-1,2,0,0.000669
e4-qps1-r1,timed-16MiB,16777216,2,gpu-3uwoq-6g3ya-1,2,1,0.000237
e4-qps1-r1,timed-16MiB,16777216,2,gpu-3uwoq-6g3ya-1,2,2,0.000243
e4-qps1-r1,timed-16MiB,16777216,2,gpu-3uwoq-6g3ya-1,2,3,0.000241
e4-qps1-r1,timed-16MiB,16777216,2,gpu-3uwoq-6g3ya-1,2,4,0.000240
e4-qps1-r1,timed-16MiB,16777216,2,gpu-3uwoq-6g3ya-1,2,5,0.000238
e4-qps1-r1,timed-16MiB,16777216,2,gpu-3uwoq-6g3ya-1,2,6,0.000239
e4-qps1-r1,timed-16MiB,16777216,2,gpu-3uwoq-6g3ya-1,2,7,0.000232
e4-qps1-r1,timed-16MiB,16777216,2,gpu-3uwoq-6g3ya-1,2,8,0.000235
e4-qps1-r1,timed-16MiB,16777216,2,gpu-3uwoq-6g3ya-1,2,9,0.000235
e4-qps1-r1,timed-16MiB,16777216,2,gpu-3uwoq-6g3ya-1,2,10,0.003091
e4-qps1-r1,timed-16MiB,16777216,2,gpu-3uwoq-6g3ya-1,2,11,0.002770
e4-qps1-r1,timed-16MiB,16777216,2,gpu-3uwoq-6g3ya-1,2,12,0.002109
e4-qps1-r1,timed-16MiB,16777216,2,gpu-3uwoq-6g3ya-1,2,13,0.000239
e4-qps1-r1,timed-16MiB,16777216,2,gpu-3uwoq-6g3ya-1,2,14,0.000230
e4-qps1-r1,timed-16MiB,16777216,2,gpu-3uwoq-6g3ya-1,2,15,0.000236
e4-qps1-r1,timed-16MiB,16777216,2,gpu-3uwoq-6g3ya-1,2,16,0.000232
e4-qps1-r1,timed-16MiB,16777216,2,gpu-3uwoq-6g3ya-1,2,17,0.000237
e4-qps1-r1,timed-16MiB,16777216,2,gpu-3uwoq-6g3ya-1,2,18,0.000230
e4-qps1-r1,timed-16MiB,16777216,2,gpu-3uwoq-6g3ya-1,2,19,0.000230
e4-qps1-r1,timed-16MiB,16777216,2,gpu-3uwoq-6g3ya-1,2,20,0.000232
e4-qps1-r1,timed-16MiB,16777216,2,gpu-3uwoq-6g3ya-1,2,21,0.000239
e4-qps1-r1,timed-16MiB,16777216,2,gpu-3uwoq-6g3ya-1,2,22,0.000218
e4-qps1-r1,timed-16MiB,16777216,2,gpu-3uwoq-6g3ya-1,2,23,0.000239
e4-qps1-r1,timed-16MiB,16777216,2,gpu-3uwoq-6g3ya-1,2,24,0.000226
e4-qps1-r1,timed-16MiB,16777216,2,gpu-3uwoq-6g3ya-1,2,25,0.000237
e4-qps1-r1,timed-16MiB,16777216,2,gpu-3uwoq-6g3ya-1,2,26,0.000234
e4-qps1-r1,timed-16MiB,16777216,2,gpu-3uwoq-6g3ya-1,2,27,0.000234
e4-qps1-r1,timed-16MiB,16777216,2,gpu-3uwoq-6g3ya-1,2,28,0.000226
e4-qps1-r1,timed-16MiB,16777216,2,gpu-3uwoq-6g3ya-1,2,29,0.000232
e4-qps1-r1,timed-16MiB,16777216,2,gpu-3uwoq-6g3ya-1,2,30,0.000231
e4-qps1-r1,timed-16MiB,16777216,2,gpu-3uwoq-6g3ya-1,2,31,0.000224
e4-qps1-r1,timed-16MiB,16777216,2,gpu-3uwoq-6g3ya-1,2,32,0.000228
e4-qps1-r1,timed-16MiB,16777216,2,gpu-3uwoq-6g3ya-1,2,33,0.000230
e4-qps1-r1,timed-16MiB,16777216,2,gpu-3uwoq-6g3ya-1,2,34,0.000228
e4-qps1-r1,timed-16MiB,16777216,2,gpu-3uwoq-6g3ya-1,2,35,0.000226
e4-qps1-r1,timed-16MiB,16777216,2,gpu-3uwoq-6g3ya-1,2,36,0.000232
e4-qps1-r1,timed-16MiB,16777216,2,gpu-3uwoq-6g3ya-1,2,37,0.000235
e4-qps1-r1,timed-16MiB,16777216,2,gpu-3uwoq-6g3ya-1,2,38,0.000232
e4-qps1-r1,timed-16MiB,16777216,2,gpu-3uwoq-6g3ya-1,2,39,0.000216
e4-qps1-r1,timed-16MiB,16777216,2,gpu-3uwoq-6g3ya-1,2,40,0.000230
e4-qps1-r1,timed-16MiB,16777216,2,gpu-3uwoq-6g3ya-1,2,41,0.000229
e4-qps1-r1,timed-16MiB,16777216,2,gpu-3uwoq-6g3ya-1,2,42,0.000230
e4-qps1-r1,timed-16MiB,16777216,2,gpu-3uwoq-6g3ya-1,2,43,0.000224
e4-qps1-r1,timed-16MiB,16777216,2,gpu-3uwoq-6g3ya-1,2,44,0.000230
e4-qps1-r1,timed-16MiB,16777216,2,gpu-3uwoq-6g3ya-1,2,45,0.000226
e4-qps1-r1,timed-16MiB,16777216,2,gpu-3uwoq-6g3ya-1,2,46,0.000226
e4-qps1-r1,timed-16MiB,16777216,2,gpu-3uwoq-6g3ya-1,2,47,0.000224
e4-qps1-r1,timed-16MiB,16777216,2,gpu-3uwoq-6g3ya-1,2,48,0.000221
e4-qps1-r1,timed-16MiB,16777216,2,gpu-3uwoq-6g3ya-1,2,49,0.000232
e4-qps1-r1,timed-16MiB,16777216,2,gpu-3uwoq-6g3ya-1,2,50,0.000226
e4-qps1-r1,timed-16MiB,16777216,2,gpu-3uwoq-6g3ya-1,2,51,0.000220
e4-qps1-r1,timed-16MiB,16777216,2,gpu-3uwoq-6g3ya-1,2,52,0.000222
e4-qps1-r1,timed-16MiB,16777216,2,gpu-3uwoq-6g3ya-1,2,53,0.000224
e4-qps1-r1,timed-16MiB,16777216,2,gpu-3uwoq-6g3ya-1,2,54,0.000228
e4-qps1-r1,timed-16MiB,16777216,2,gpu-3uwoq-6g3ya-1,2,55,0.000214
e4-qps1-r1,timed-16MiB,16777216,2,gpu-3uwoq-6g3ya-1,2,56,0.000226
e4-qps1-r1,timed-16MiB,16777216,2,gpu-3uwoq-6g3ya-1,2,57,0.000229
e4-qps1-r1,timed-16MiB,16777216,2,gpu-3uwoq-6g3ya-1,2,58,0.000232
e4-qps1-r1,timed-16MiB,16777216,2,gpu-3uwoq-6g3ya-1,2,59,0.000225
e4-qps1-r1,timed-16MiB,16777216,2,gpu-3uwoq-6g3ya-1,2,60,0.000215
e4-qps1-r1,timed-16MiB,16777216,2,gpu-3uwoq-6g3ya-1,2,61,0.000222
e4-qps1-r1,timed-16MiB,16777216,2,gpu-3uwoq-6g3ya-1,2,62,0.000228
e4-qps1-r1,timed-16MiB,16777216,2,gpu-3uwoq-6g3ya-1,2,63,0.000218
e4-qps1-r1,timed-16MiB,16777216,2,gpu-3uwoq-6g3ya-1,2,64,0.000226
e4-qps1-r1,timed-16MiB,16777216,2,gpu-3uwoq-6g3ya-1,2,65,0.000233
e4-qps1-r1,timed-16MiB,16777216,2,gpu-3uwoq-6g3ya-1,2,66,0.000224
e4-qps1-r1,timed-16MiB,16777216,2,gpu-3uwoq-6g3ya-1,2,67,0.000218
e4-qps1-r1,timed-16MiB,16777216,2,gpu-3uwoq-6g3ya-1,2,68,0.000224
e4-qps1-r1,timed-16MiB,16777216,2,gpu-3uwoq-6g3ya-1,2,69,0.000233
e4-qps1-r1,timed-16MiB,16777216,2,gpu-3uwoq-6g3ya-1,2,70,0.000219
e4-qps1-r1,timed-16MiB,16777216,2,gpu-3uwoq-6g3ya-1,2,71,0.000222
e4-qps1-r1,timed-16MiB,16777216,2,gpu-3uwoq-6g3ya-1,2,72,0.000220
e4-qps1-r1,timed-16MiB,16777216,2,gpu-3uwoq-6g3ya-1,2,73,0.000226
e4-qps1-r1,timed-16MiB,16777216,2,gpu-3uwoq-6g3ya-1,2,74,0.000224
e4-qps1-r1,timed-16MiB,16777216,2,gpu-3uwoq-6g3ya-1,2,75,0.000222
e4-qps1-r1,timed-16MiB,16777216,2,gpu-3uwoq-6g3ya-1,2,76,0.000221
e4-qps1-r1,timed-16MiB,16777216,2,gpu-3uwoq-6g3ya-1,2,77,0.000224
e4-qps1-r1,timed-16MiB,16777216,2,gpu-3uwoq-6g3ya-1,2,78,0.000224
e4-qps1-r1,timed-16MiB,16777216,2,gpu-3uwoq-6g3ya-1,2,79,0.000218
e4-qps1-r1,timed-16MiB,16777216,2,gpu-3uwoq-6g3ya-1,2,80,0.000222
e4-qps1-r1,timed-16MiB,16777216,2,gpu-3uwoq-6g3ya-1,2,81,0.000228
e4-qps1-r1,timed-16MiB,16777216,2,gpu-3uwoq-6g3ya-1,2,82,0.000224
e4-qps1-r1,timed-16MiB,16777216,2,gpu-3uwoq-6g3ya-1,2,83,0.000220
e4-qps1-r1,timed-16MiB,16777216,2,gpu-3uwoq-6g3ya-1,2,84,0.000226
e4-qps1-r1,timed-16MiB,16777216,2,gpu-3uwoq-6g3ya-1,2,85,0.000225
e4-qps1-r1,timed-16MiB,16777216,2,gpu-3uwoq-6g3ya-1,2,86,0.000226
e4-qps1-r1,timed-16MiB,16777216,2,gpu-3uwoq-6g3ya-1,2,87,0.000216
e4-qps1-r1,timed-16MiB,16777216,2,gpu-3uwoq-6g3ya-1,2,88,0.000213
e4-qps1-r1,timed-16MiB,16777216,2,gpu-3uwoq-6g3ya-1,2,89,0.000231
e4-qps1-r1,timed-16MiB,16777216,2,gpu-3uwoq-6g3ya-1,2,90,0.000234
e4-qps1-r1,timed-16MiB,16777216,2,gpu-3uwoq-6g3ya-1,2,91,0.000216
e4-qps1-r1,timed-16MiB,16777216,2,gpu-3uwoq-6g3ya-1,2,92,0.000220
e4-qps1-r1,timed-16MiB,16777216,2,gpu-3uwoq-6g3ya-1,2,93,0.000225
e4-qps1-r1,timed-16MiB,16777216,2,gpu-3uwoq-6g3ya-1,2,94,0.000227
e4-qps1-r1,timed-16MiB,16777216,2,gpu-3uwoq-6g3ya-1,2,95,0.000217
e4-qps1-r1,timed-16MiB,16777216,2,gpu-3uwoq-6g3ya-1,2,96,0.000221
e4-qps1-r1,timed-16MiB,16777216,2,gpu-3uwoq-6g3ya-1,2,97,0.000224
e4-qps1-r1,timed-16MiB,16777216,2,gpu-3uwoq-6g3ya-1,2,98,0.000226
e4-qps1-r1,timed-16MiB,16777216,2,gpu-3uwoq-6g3ya-1,2,99,0.000205
e4-qps1-r1,timed-16MiB,16777216,3,gpu-3uwoq-6g3ya-1,3,0,0.000703
e4-qps1-r1,timed-16MiB,16777216,3,gpu-3uwoq-6g3ya-1,3,1,0.000239
e4-qps1-r1,timed-16MiB,16777216,3,gpu-3uwoq-6g3ya-1,3,2,0.000243
e4-qps1-r1,timed-16MiB,16777216,3,gpu-3uwoq-6g3ya-1,3,3,0.000239
e4-qps1-r1,timed-16MiB,16777216,3,gpu-3uwoq-6g3ya-1,3,4,0.000240
e4-qps1-r1,timed-16MiB,16777216,3,gpu-3uwoq-6g3ya-1,3,5,0.000240
e4-qps1-r1,timed-16MiB,16777216,3,gpu-3uwoq-6g3ya-1,3,6,0.000239
e4-qps1-r1,timed-16MiB,16777216,3,gpu-3uwoq-6g3ya-1,3,7,0.000232
e4-qps1-r1,timed-16MiB,16777216,3,gpu-3uwoq-6g3ya-1,3,8,0.000232
e4-qps1-r1,timed-16MiB,16777216,3,gpu-3uwoq-6g3ya-1,3,9,0.000237
e4-qps1-r1,timed-16MiB,16777216,3,gpu-3uwoq-6g3ya-1,3,10,0.003088
e4-qps1-r1,timed-16MiB,16777216,3,gpu-3uwoq-6g3ya-1,3,11,0.002770
e4-qps1-r1,timed-16MiB,16777216,3,gpu-3uwoq-6g3ya-1,3,12,0.002111
e4-qps1-r1,timed-16MiB,16777216,3,gpu-3uwoq-6g3ya-1,3,13,0.000239
e4-qps1-r1,timed-16MiB,16777216,3,gpu-3uwoq-6g3ya-1,3,14,0.000228
e4-qps1-r1,timed-16MiB,16777216,3,gpu-3uwoq-6g3ya-1,3,15,0.000236
e4-qps1-r1,timed-16MiB,16777216,3,gpu-3uwoq-6g3ya-1,3,16,0.000232
e4-qps1-r1,timed-16MiB,16777216,3,gpu-3uwoq-6g3ya-1,3,17,0.000239
e4-qps1-r1,timed-16MiB,16777216,3,gpu-3uwoq-6g3ya-1,3,18,0.000228
e4-qps1-r1,timed-16MiB,16777216,3,gpu-3uwoq-6g3ya-1,3,19,0.000230
e4-qps1-r1,timed-16MiB,16777216,3,gpu-3uwoq-6g3ya-1,3,20,0.000232
e4-qps1-r1,timed-16MiB,16777216,3,gpu-3uwoq-6g3ya-1,3,21,0.000239
e4-qps1-r1,timed-16MiB,16777216,3,gpu-3uwoq-6g3ya-1,3,22,0.000218
e4-qps1-r1,timed-16MiB,16777216,3,gpu-3uwoq-6g3ya-1,3,23,0.000238
e4-qps1-r1,timed-16MiB,16777216,3,gpu-3uwoq-6g3ya-1,3,24,0.000228
e4-qps1-r1,timed-16MiB,16777216,3,gpu-3uwoq-6g3ya-1,3,25,0.000237
e4-qps1-r1,timed-16MiB,16777216,3,gpu-3uwoq-6g3ya-1,3,26,0.000232
e4-qps1-r1,timed-16MiB,16777216,3,gpu-3uwoq-6g3ya-1,3,27,0.000237
e4-qps1-r1,timed-16MiB,16777216,3,gpu-3uwoq-6g3ya-1,3,28,0.000226
e4-qps1-r1,timed-16MiB,16777216,3,gpu-3uwoq-6g3ya-1,3,29,0.000232
e4-qps1-r1,timed-16MiB,16777216,3,gpu-3uwoq-6g3ya-1,3,30,0.000229
e4-qps1-r1,timed-16MiB,16777216,3,gpu-3uwoq-6g3ya-1,3,31,0.000224
e4-qps1-r1,timed-16MiB,16777216,3,gpu-3uwoq-6g3ya-1,3,32,0.000230
e4-qps1-r1,timed-16MiB,16777216,3,gpu-3uwoq-6g3ya-1,3,33,0.000228
e4-qps1-r1,timed-16MiB,16777216,3,gpu-3uwoq-6g3ya-1,3,34,0.000230
e4-qps1-r1,timed-16MiB,16777216,3,gpu-3uwoq-6g3ya-1,3,35,0.000226
e4-qps1-r1,timed-16MiB,16777216,3,gpu-3uwoq-6g3ya-1,3,36,0.000232
e4-qps1-r1,timed-16MiB,16777216,3,gpu-3uwoq-6g3ya-1,3,37,0.000234
e4-qps1-r1,timed-16MiB,16777216,3,gpu-3uwoq-6g3ya-1,3,38,0.000230
e4-qps1-r1,timed-16MiB,16777216,3,gpu-3uwoq-6g3ya-1,3,39,0.000218
e4-qps1-r1,timed-16MiB,16777216,3,gpu-3uwoq-6g3ya-1,3,40,0.000230
e4-qps1-r1,timed-16MiB,16777216,3,gpu-3uwoq-6g3ya-1,3,41,0.000227
e4-qps1-r1,timed-16MiB,16777216,3,gpu-3uwoq-6g3ya-1,3,42,0.000231
e4-qps1-r1,timed-16MiB,16777216,3,gpu-3uwoq-6g3ya-1,3,43,0.000222
e4-qps1-r1,timed-16MiB,16777216,3,gpu-3uwoq-6g3ya-1,3,44,0.000230
e4-qps1-r1,timed-16MiB,16777216,3,gpu-3uwoq-6g3ya-1,3,45,0.000226
e4-qps1-r1,timed-16MiB,16777216,3,gpu-3uwoq-6g3ya-1,3,46,0.000226
e4-qps1-r1,timed-16MiB,16777216,3,gpu-3uwoq-6g3ya-1,3,47,0.000224
e4-qps1-r1,timed-16MiB,16777216,3,gpu-3uwoq-6g3ya-1,3,48,0.000223
e4-qps1-r1,timed-16MiB,16777216,3,gpu-3uwoq-6g3ya-1,3,49,0.000230
e4-qps1-r1,timed-16MiB,16777216,3,gpu-3uwoq-6g3ya-1,3,50,0.000228
e4-qps1-r1,timed-16MiB,16777216,3,gpu-3uwoq-6g3ya-1,3,51,0.000220
e4-qps1-r1,timed-16MiB,16777216,3,gpu-3uwoq-6g3ya-1,3,52,0.000222
e4-qps1-r1,timed-16MiB,16777216,3,gpu-3uwoq-6g3ya-1,3,53,0.000224
e4-qps1-r1,timed-16MiB,16777216,3,gpu-3uwoq-6g3ya-1,3,54,0.000226
e4-qps1-r1,timed-16MiB,16777216,3,gpu-3uwoq-6g3ya-1,3,55,0.000216
e4-qps1-r1,timed-16MiB,16777216,3,gpu-3uwoq-6g3ya-1,3,56,0.000228
e4-qps1-r1,timed-16MiB,16777216,3,gpu-3uwoq-6g3ya-1,3,57,0.000227
e4-qps1-r1,timed-16MiB,16777216,3,gpu-3uwoq-6g3ya-1,3,58,0.000230
e4-qps1-r1,timed-16MiB,16777216,3,gpu-3uwoq-6g3ya-1,3,59,0.000228
e4-qps1-r1,timed-16MiB,16777216,3,gpu-3uwoq-6g3ya-1,3,60,0.000215
e4-qps1-r1,timed-16MiB,16777216,3,gpu-3uwoq-6g3ya-1,3,61,0.000220
e4-qps1-r1,timed-16MiB,16777216,3,gpu-3uwoq-6g3ya-1,3,62,0.000228
e4-qps1-r1,timed-16MiB,16777216,3,gpu-3uwoq-6g3ya-1,3,63,0.000218
e4-qps1-r1,timed-16MiB,16777216,3,gpu-3uwoq-6g3ya-1,3,64,0.000226
e4-qps1-r1,timed-16MiB,16777216,3,gpu-3uwoq-6g3ya-1,3,65,0.000232
e4-qps1-r1,timed-16MiB,16777216,3,gpu-3uwoq-6g3ya-1,3,66,0.000226
e4-qps1-r1,timed-16MiB,16777216,3,gpu-3uwoq-6g3ya-1,3,67,0.000216
e4-qps1-r1,timed-16MiB,16777216,3,gpu-3uwoq-6g3ya-1,3,68,0.000226
e4-qps1-r1,timed-16MiB,16777216,3,gpu-3uwoq-6g3ya-1,3,69,0.000232
e4-qps1-r1,timed-16MiB,16777216,3,gpu-3uwoq-6g3ya-1,3,70,0.000220
e4-qps1-r1,timed-16MiB,16777216,3,gpu-3uwoq-6g3ya-1,3,71,0.000222
e4-qps1-r1,timed-16MiB,16777216,3,gpu-3uwoq-6g3ya-1,3,72,0.000219
e4-qps1-r1,timed-16MiB,16777216,3,gpu-3uwoq-6g3ya-1,3,73,0.000228
e4-qps1-r1,timed-16MiB,16777216,3,gpu-3uwoq-6g3ya-1,3,74,0.000224
e4-qps1-r1,timed-16MiB,16777216,3,gpu-3uwoq-6g3ya-1,3,75,0.000222
e4-qps1-r1,timed-16MiB,16777216,3,gpu-3uwoq-6g3ya-1,3,76,0.000220
e4-qps1-r1,timed-16MiB,16777216,3,gpu-3uwoq-6g3ya-1,3,77,0.000224
e4-qps1-r1,timed-16MiB,16777216,3,gpu-3uwoq-6g3ya-1,3,78,0.000224
e4-qps1-r1,timed-16MiB,16777216,3,gpu-3uwoq-6g3ya-1,3,79,0.000218
e4-qps1-r1,timed-16MiB,16777216,3,gpu-3uwoq-6g3ya-1,3,80,0.000224
e4-qps1-r1,timed-16MiB,16777216,3,gpu-3uwoq-6g3ya-1,3,81,0.000227
e4-qps1-r1,timed-16MiB,16777216,3,gpu-3uwoq-6g3ya-1,3,82,0.000224
e4-qps1-r1,timed-16MiB,16777216,3,gpu-3uwoq-6g3ya-1,3,83,0.000220
e4-qps1-r1,timed-16MiB,16777216,3,gpu-3uwoq-6g3ya-1,3,84,0.000225
e4-qps1-r1,timed-16MiB,16777216,3,gpu-3uwoq-6g3ya-1,3,85,0.000226
e4-qps1-r1,timed-16MiB,16777216,3,gpu-3uwoq-6g3ya-1,3,86,0.000226
e4-qps1-r1,timed-16MiB,16777216,3,gpu-3uwoq-6g3ya-1,3,87,0.000215
e4-qps1-r1,timed-16MiB,16777216,3,gpu-3uwoq-6g3ya-1,3,88,0.000213
e4-qps1-r1,timed-16MiB,16777216,3,gpu-3uwoq-6g3ya-1,3,89,0.000230
e4-qps1-r1,timed-16MiB,16777216,3,gpu-3uwoq-6g3ya-1,3,90,0.000232
e4-qps1-r1,timed-16MiB,16777216,3,gpu-3uwoq-6g3ya-1,3,91,0.000216
e4-qps1-r1,timed-16MiB,16777216,3,gpu-3uwoq-6g3ya-1,3,92,0.000223
e4-qps1-r1,timed-16MiB,16777216,3,gpu-3uwoq-6g3ya-1,3,93,0.000226
e4-qps1-r1,timed-16MiB,16777216,3,gpu-3uwoq-6g3ya-1,3,94,0.000225
e4-qps1-r1,timed-16MiB,16777216,3,gpu-3uwoq-6g3ya-1,3,95,0.000217
e4-qps1-r1,timed-16MiB,16777216,3,gpu-3uwoq-6g3ya-1,3,96,0.000223
e4-qps1-r1,timed-16MiB,16777216,3,gpu-3uwoq-6g3ya-1,3,97,0.000223
e4-qps1-r1,timed-16MiB,16777216,3,gpu-3uwoq-6g3ya-1,3,98,0.000226
e4-qps1-r1,timed-16MiB,16777216,3,gpu-3uwoq-6g3ya-1,3,99,0.000203
e4-qps1-r1,timed-16MiB,16777216,4,gpu-3uwoq-6g3ya-2,0,0,0.000697
e4-qps1-r1,timed-16MiB,16777216,4,gpu-3uwoq-6g3ya-2,0,1,0.000246
e4-qps1-r1,timed-16MiB,16777216,4,gpu-3uwoq-6g3ya-2,0,2,0.000241
e4-qps1-r1,timed-16MiB,16777216,4,gpu-3uwoq-6g3ya-2,0,3,0.000241
e4-qps1-r1,timed-16MiB,16777216,4,gpu-3uwoq-6g3ya-2,0,4,0.000233
e4-qps1-r1,timed-16MiB,16777216,4,gpu-3uwoq-6g3ya-2,0,5,0.000242
e4-qps1-r1,timed-16MiB,16777216,4,gpu-3uwoq-6g3ya-2,0,6,0.000233
e4-qps1-r1,timed-16MiB,16777216,4,gpu-3uwoq-6g3ya-2,0,7,0.000234
e4-qps1-r1,timed-16MiB,16777216,4,gpu-3uwoq-6g3ya-2,0,8,0.000224
e4-qps1-r1,timed-16MiB,16777216,4,gpu-3uwoq-6g3ya-2,0,9,0.000244
e4-qps1-r1,timed-16MiB,16777216,4,gpu-3uwoq-6g3ya-2,0,10,0.002605
e4-qps1-r1,timed-16MiB,16777216,4,gpu-3uwoq-6g3ya-2,0,11,0.003121
e4-qps1-r1,timed-16MiB,16777216,4,gpu-3uwoq-6g3ya-2,0,12,0.002296
e4-qps1-r1,timed-16MiB,16777216,4,gpu-3uwoq-6g3ya-2,0,13,0.000220
e4-qps1-r1,timed-16MiB,16777216,4,gpu-3uwoq-6g3ya-2,0,14,0.000213
e4-qps1-r1,timed-16MiB,16777216,4,gpu-3uwoq-6g3ya-2,0,15,0.000228
e4-qps1-r1,timed-16MiB,16777216,4,gpu-3uwoq-6g3ya-2,0,16,0.000228
e4-qps1-r1,timed-16MiB,16777216,4,gpu-3uwoq-6g3ya-2,0,17,0.000236
e4-qps1-r1,timed-16MiB,16777216,4,gpu-3uwoq-6g3ya-2,0,18,0.000229
e4-qps1-r1,timed-16MiB,16777216,4,gpu-3uwoq-6g3ya-2,0,19,0.000232
e4-qps1-r1,timed-16MiB,16777216,4,gpu-3uwoq-6g3ya-2,0,20,0.000223
e4-qps1-r1,timed-16MiB,16777216,4,gpu-3uwoq-6g3ya-2,0,21,0.000232
e4-qps1-r1,timed-16MiB,16777216,4,gpu-3uwoq-6g3ya-2,0,22,0.000240
e4-qps1-r1,timed-16MiB,16777216,4,gpu-3uwoq-6g3ya-2,0,23,0.000230
e4-qps1-r1,timed-16MiB,16777216,4,gpu-3uwoq-6g3ya-2,0,24,0.000228
e4-qps1-r1,timed-16MiB,16777216,4,gpu-3uwoq-6g3ya-2,0,25,0.000236
e4-qps1-r1,timed-16MiB,16777216,4,gpu-3uwoq-6g3ya-2,0,26,0.000227
e4-qps1-r1,timed-16MiB,16777216,4,gpu-3uwoq-6g3ya-2,0,27,0.000234
e4-qps1-r1,timed-16MiB,16777216,4,gpu-3uwoq-6g3ya-2,0,28,0.000232
e4-qps1-r1,timed-16MiB,16777216,4,gpu-3uwoq-6g3ya-2,0,29,0.000234
e4-qps1-r1,timed-16MiB,16777216,4,gpu-3uwoq-6g3ya-2,0,30,0.000229
e4-qps1-r1,timed-16MiB,16777216,4,gpu-3uwoq-6g3ya-2,0,31,0.000225
e4-qps1-r1,timed-16MiB,16777216,4,gpu-3uwoq-6g3ya-2,0,32,0.000232
e4-qps1-r1,timed-16MiB,16777216,4,gpu-3uwoq-6g3ya-2,0,33,0.000234
e4-qps1-r1,timed-16MiB,16777216,4,gpu-3uwoq-6g3ya-2,0,34,0.000226
e4-qps1-r1,timed-16MiB,16777216,4,gpu-3uwoq-6g3ya-2,0,35,0.000230
e4-qps1-r1,timed-16MiB,16777216,4,gpu-3uwoq-6g3ya-2,0,36,0.000230
e4-qps1-r1,timed-16MiB,16777216,4,gpu-3uwoq-6g3ya-2,0,37,0.000232
e4-qps1-r1,timed-16MiB,16777216,4,gpu-3uwoq-6g3ya-2,0,38,0.000229
e4-qps1-r1,timed-16MiB,16777216,4,gpu-3uwoq-6g3ya-2,0,39,0.000230
e4-qps1-r1,timed-16MiB,16777216,4,gpu-3uwoq-6g3ya-2,0,40,0.000219
e4-qps1-r1,timed-16MiB,16777216,4,gpu-3uwoq-6g3ya-2,0,41,0.000230
e4-qps1-r1,timed-16MiB,16777216,4,gpu-3uwoq-6g3ya-2,0,42,0.000234
e4-qps1-r1,timed-16MiB,16777216,4,gpu-3uwoq-6g3ya-2,0,43,0.000227
e4-qps1-r1,timed-16MiB,16777216,4,gpu-3uwoq-6g3ya-2,0,44,0.000224
e4-qps1-r1,timed-16MiB,16777216,4,gpu-3uwoq-6g3ya-2,0,45,0.000232
e4-qps1-r1,timed-16MiB,16777216,4,gpu-3uwoq-6g3ya-2,0,46,0.000227
e4-qps1-r1,timed-16MiB,16777216,4,gpu-3uwoq-6g3ya-2,0,47,0.000221
e4-qps1-r1,timed-16MiB,16777216,4,gpu-3uwoq-6g3ya-2,0,48,0.000223
e4-qps1-r1,timed-16MiB,16777216,4,gpu-3uwoq-6g3ya-2,0,49,0.000231
e4-qps1-r1,timed-16MiB,16777216,4,gpu-3uwoq-6g3ya-2,0,50,0.000227
e4-qps1-r1,timed-16MiB,16777216,4,gpu-3uwoq-6g3ya-2,0,51,0.000224
e4-qps1-r1,timed-16MiB,16777216,4,gpu-3uwoq-6g3ya-2,0,52,0.000217
e4-qps1-r1,timed-16MiB,16777216,4,gpu-3uwoq-6g3ya-2,0,53,0.000228
e4-qps1-r1,timed-16MiB,16777216,4,gpu-3uwoq-6g3ya-2,0,54,0.000225
e4-qps1-r1,timed-16MiB,16777216,4,gpu-3uwoq-6g3ya-2,0,55,0.000227
e4-qps1-r1,timed-16MiB,16777216,4,gpu-3uwoq-6g3ya-2,0,56,0.000221
e4-qps1-r1,timed-16MiB,16777216,4,gpu-3uwoq-6g3ya-2,0,57,0.000225
e4-qps1-r1,timed-16MiB,16777216,4,gpu-3uwoq-6g3ya-2,0,58,0.000228
e4-qps1-r1,timed-16MiB,16777216,4,gpu-3uwoq-6g3ya-2,0,59,0.000218
e4-qps1-r1,timed-16MiB,16777216,4,gpu-3uwoq-6g3ya-2,0,60,0.000226
e4-qps1-r1,timed-16MiB,16777216,4,gpu-3uwoq-6g3ya-2,0,61,0.000223
e4-qps1-r1,timed-16MiB,16777216,4,gpu-3uwoq-6g3ya-2,0,62,0.000227
e4-qps1-r1,timed-16MiB,16777216,4,gpu-3uwoq-6g3ya-2,0,63,0.000221
e4-qps1-r1,timed-16MiB,16777216,4,gpu-3uwoq-6g3ya-2,0,64,0.000223
e4-qps1-r1,timed-16MiB,16777216,4,gpu-3uwoq-6g3ya-2,0,65,0.000229
e4-qps1-r1,timed-16MiB,16777216,4,gpu-3uwoq-6g3ya-2,0,66,0.000227
e4-qps1-r1,timed-16MiB,16777216,4,gpu-3uwoq-6g3ya-2,0,67,0.000221
e4-qps1-r1,timed-16MiB,16777216,4,gpu-3uwoq-6g3ya-2,0,68,0.000234
e4-qps1-r1,timed-16MiB,16777216,4,gpu-3uwoq-6g3ya-2,0,69,0.000221
e4-qps1-r1,timed-16MiB,16777216,4,gpu-3uwoq-6g3ya-2,0,70,0.000227
e4-qps1-r1,timed-16MiB,16777216,4,gpu-3uwoq-6g3ya-2,0,71,0.000217
e4-qps1-r1,timed-16MiB,16777216,4,gpu-3uwoq-6g3ya-2,0,72,0.000223
e4-qps1-r1,timed-16MiB,16777216,4,gpu-3uwoq-6g3ya-2,0,73,0.000225
e4-qps1-r1,timed-16MiB,16777216,4,gpu-3uwoq-6g3ya-2,0,74,0.000225
e4-qps1-r1,timed-16MiB,16777216,4,gpu-3uwoq-6g3ya-2,0,75,0.000215
e4-qps1-r1,timed-16MiB,16777216,4,gpu-3uwoq-6g3ya-2,0,76,0.000224
e4-qps1-r1,timed-16MiB,16777216,4,gpu-3uwoq-6g3ya-2,0,77,0.000225
e4-qps1-r1,timed-16MiB,16777216,4,gpu-3uwoq-6g3ya-2,0,78,0.000227
e4-qps1-r1,timed-16MiB,16777216,4,gpu-3uwoq-6g3ya-2,0,79,0.000219
e4-qps1-r1,timed-16MiB,16777216,4,gpu-3uwoq-6g3ya-2,0,80,0.000223
e4-qps1-r1,timed-16MiB,16777216,4,gpu-3uwoq-6g3ya-2,0,81,0.000226
e4-qps1-r1,timed-16MiB,16777216,4,gpu-3uwoq-6g3ya-2,0,82,0.000221
e4-qps1-r1,timed-16MiB,16777216,4,gpu-3uwoq-6g3ya-2,0,83,0.000222
e4-qps1-r1,timed-16MiB,16777216,4,gpu-3uwoq-6g3ya-2,0,84,0.000231
e4-qps1-r1,timed-16MiB,16777216,4,gpu-3uwoq-6g3ya-2,0,85,0.000220
e4-qps1-r1,timed-16MiB,16777216,4,gpu-3uwoq-6g3ya-2,0,86,0.000224
e4-qps1-r1,timed-16MiB,16777216,4,gpu-3uwoq-6g3ya-2,0,87,0.000219
e4-qps1-r1,timed-16MiB,16777216,4,gpu-3uwoq-6g3ya-2,0,88,0.000226
e4-qps1-r1,timed-16MiB,16777216,4,gpu-3uwoq-6g3ya-2,0,89,0.000221
e4-qps1-r1,timed-16MiB,16777216,4,gpu-3uwoq-6g3ya-2,0,90,0.000223
e4-qps1-r1,timed-16MiB,16777216,4,gpu-3uwoq-6g3ya-2,0,91,0.000223
e4-qps1-r1,timed-16MiB,16777216,4,gpu-3uwoq-6g3ya-2,0,92,0.000221
e4-qps1-r1,timed-16MiB,16777216,4,gpu-3uwoq-6g3ya-2,0,93,0.000233
e4-qps1-r1,timed-16MiB,16777216,4,gpu-3uwoq-6g3ya-2,0,94,0.000221
e4-qps1-r1,timed-16MiB,16777216,4,gpu-3uwoq-6g3ya-2,0,95,0.000221
e4-qps1-r1,timed-16MiB,16777216,4,gpu-3uwoq-6g3ya-2,0,96,0.000228
e4-qps1-r1,timed-16MiB,16777216,4,gpu-3uwoq-6g3ya-2,0,97,0.000225
e4-qps1-r1,timed-16MiB,16777216,4,gpu-3uwoq-6g3ya-2,0,98,0.000223
e4-qps1-r1,timed-16MiB,16777216,4,gpu-3uwoq-6g3ya-2,0,99,0.000200
e4-qps1-r1,timed-16MiB,16777216,5,gpu-3uwoq-6g3ya-2,1,0,0.000695
e4-qps1-r1,timed-16MiB,16777216,5,gpu-3uwoq-6g3ya-2,1,1,0.000244
e4-qps1-r1,timed-16MiB,16777216,5,gpu-3uwoq-6g3ya-2,1,2,0.000242
e4-qps1-r1,timed-16MiB,16777216,5,gpu-3uwoq-6g3ya-2,1,3,0.000241
e4-qps1-r1,timed-16MiB,16777216,5,gpu-3uwoq-6g3ya-2,1,4,0.000233
e4-qps1-r1,timed-16MiB,16777216,5,gpu-3uwoq-6g3ya-2,1,5,0.000243
e4-qps1-r1,timed-16MiB,16777216,5,gpu-3uwoq-6g3ya-2,1,6,0.000232
e4-qps1-r1,timed-16MiB,16777216,5,gpu-3uwoq-6g3ya-2,1,7,0.000234
e4-qps1-r1,timed-16MiB,16777216,5,gpu-3uwoq-6g3ya-2,1,8,0.000224
e4-qps1-r1,timed-16MiB,16777216,5,gpu-3uwoq-6g3ya-2,1,9,0.000242
e4-qps1-r1,timed-16MiB,16777216,5,gpu-3uwoq-6g3ya-2,1,10,0.002608
e4-qps1-r1,timed-16MiB,16777216,5,gpu-3uwoq-6g3ya-2,1,11,0.003121
e4-qps1-r1,timed-16MiB,16777216,5,gpu-3uwoq-6g3ya-2,1,12,0.002296
e4-qps1-r1,timed-16MiB,16777216,5,gpu-3uwoq-6g3ya-2,1,13,0.000218
e4-qps1-r1,timed-16MiB,16777216,5,gpu-3uwoq-6g3ya-2,1,14,0.000214
e4-qps1-r1,timed-16MiB,16777216,5,gpu-3uwoq-6g3ya-2,1,15,0.000227
e4-qps1-r1,timed-16MiB,16777216,5,gpu-3uwoq-6g3ya-2,1,16,0.000228
e4-qps1-r1,timed-16MiB,16777216,5,gpu-3uwoq-6g3ya-2,1,17,0.000236
e4-qps1-r1,timed-16MiB,16777216,5,gpu-3uwoq-6g3ya-2,1,18,0.000232
e4-qps1-r1,timed-16MiB,16777216,5,gpu-3uwoq-6g3ya-2,1,19,0.000230
e4-qps1-r1,timed-16MiB,16777216,5,gpu-3uwoq-6g3ya-2,1,20,0.000226
e4-qps1-r1,timed-16MiB,16777216,5,gpu-3uwoq-6g3ya-2,1,21,0.000231
e4-qps1-r1,timed-16MiB,16777216,5,gpu-3uwoq-6g3ya-2,1,22,0.000240
e4-qps1-r1,timed-16MiB,16777216,5,gpu-3uwoq-6g3ya-2,1,23,0.000227
e4-qps1-r1,timed-16MiB,16777216,5,gpu-3uwoq-6g3ya-2,1,24,0.000228
e4-qps1-r1,timed-16MiB,16777216,5,gpu-3uwoq-6g3ya-2,1,25,0.000237
e4-qps1-r1,timed-16MiB,16777216,5,gpu-3uwoq-6g3ya-2,1,26,0.000230
e4-qps1-r1,timed-16MiB,16777216,5,gpu-3uwoq-6g3ya-2,1,27,0.000234
e4-qps1-r1,timed-16MiB,16777216,5,gpu-3uwoq-6g3ya-2,1,28,0.000230
e4-qps1-r1,timed-16MiB,16777216,5,gpu-3uwoq-6g3ya-2,1,29,0.000234
e4-qps1-r1,timed-16MiB,16777216,5,gpu-3uwoq-6g3ya-2,1,30,0.000231
e4-qps1-r1,timed-16MiB,16777216,5,gpu-3uwoq-6g3ya-2,1,31,0.000225
e4-qps1-r1,timed-16MiB,16777216,5,gpu-3uwoq-6g3ya-2,1,32,0.000232
e4-qps1-r1,timed-16MiB,16777216,5,gpu-3uwoq-6g3ya-2,1,33,0.000232
e4-qps1-r1,timed-16MiB,16777216,5,gpu-3uwoq-6g3ya-2,1,34,0.000226
e4-qps1-r1,timed-16MiB,16777216,5,gpu-3uwoq-6g3ya-2,1,35,0.000234
e4-qps1-r1,timed-16MiB,16777216,5,gpu-3uwoq-6g3ya-2,1,36,0.000226
e4-qps1-r1,timed-16MiB,16777216,5,gpu-3uwoq-6g3ya-2,1,37,0.000233
e4-qps1-r1,timed-16MiB,16777216,5,gpu-3uwoq-6g3ya-2,1,38,0.000232
e4-qps1-r1,timed-16MiB,16777216,5,gpu-3uwoq-6g3ya-2,1,39,0.000230
e4-qps1-r1,timed-16MiB,16777216,5,gpu-3uwoq-6g3ya-2,1,40,0.000219
e4-qps1-r1,timed-16MiB,16777216,5,gpu-3uwoq-6g3ya-2,1,41,0.000230
e4-qps1-r1,timed-16MiB,16777216,5,gpu-3uwoq-6g3ya-2,1,42,0.000234
e4-qps1-r1,timed-16MiB,16777216,5,gpu-3uwoq-6g3ya-2,1,43,0.000225
e4-qps1-r1,timed-16MiB,16777216,5,gpu-3uwoq-6g3ya-2,1,44,0.000227
e4-qps1-r1,timed-16MiB,16777216,5,gpu-3uwoq-6g3ya-2,1,45,0.000229
e4-qps1-r1,timed-16MiB,16777216,5,gpu-3uwoq-6g3ya-2,1,46,0.000227
e4-qps1-r1,timed-16MiB,16777216,5,gpu-3uwoq-6g3ya-2,1,47,0.000221
e4-qps1-r1,timed-16MiB,16777216,5,gpu-3uwoq-6g3ya-2,1,48,0.000225
e4-qps1-r1,timed-16MiB,16777216,5,gpu-3uwoq-6g3ya-2,1,49,0.000230
e4-qps1-r1,timed-16MiB,16777216,5,gpu-3uwoq-6g3ya-2,1,50,0.000227
e4-qps1-r1,timed-16MiB,16777216,5,gpu-3uwoq-6g3ya-2,1,51,0.000224
e4-qps1-r1,timed-16MiB,16777216,5,gpu-3uwoq-6g3ya-2,1,52,0.000219
e4-qps1-r1,timed-16MiB,16777216,5,gpu-3uwoq-6g3ya-2,1,53,0.000228
e4-qps1-r1,timed-16MiB,16777216,5,gpu-3uwoq-6g3ya-2,1,54,0.000225
e4-qps1-r1,timed-16MiB,16777216,5,gpu-3uwoq-6g3ya-2,1,55,0.000227
e4-qps1-r1,timed-16MiB,16777216,5,gpu-3uwoq-6g3ya-2,1,56,0.000221
e4-qps1-r1,timed-16MiB,16777216,5,gpu-3uwoq-6g3ya-2,1,57,0.000225
e4-qps1-r1,timed-16MiB,16777216,5,gpu-3uwoq-6g3ya-2,1,58,0.000227
e4-qps1-r1,timed-16MiB,16777216,5,gpu-3uwoq-6g3ya-2,1,59,0.000217
e4-qps1-r1,timed-16MiB,16777216,5,gpu-3uwoq-6g3ya-2,1,60,0.000228
e4-qps1-r1,timed-16MiB,16777216,5,gpu-3uwoq-6g3ya-2,1,61,0.000222
e4-qps1-r1,timed-16MiB,16777216,5,gpu-3uwoq-6g3ya-2,1,62,0.000228
e4-qps1-r1,timed-16MiB,16777216,5,gpu-3uwoq-6g3ya-2,1,63,0.000220
e4-qps1-r1,timed-16MiB,16777216,5,gpu-3uwoq-6g3ya-2,1,64,0.000223
e4-qps1-r1,timed-16MiB,16777216,5,gpu-3uwoq-6g3ya-2,1,65,0.000231
e4-qps1-r1,timed-16MiB,16777216,5,gpu-3uwoq-6g3ya-2,1,66,0.000226
e4-qps1-r1,timed-16MiB,16777216,5,gpu-3uwoq-6g3ya-2,1,67,0.000220
e4-qps1-r1,timed-16MiB,16777216,5,gpu-3uwoq-6g3ya-2,1,68,0.000234
e4-qps1-r1,timed-16MiB,16777216,5,gpu-3uwoq-6g3ya-2,1,69,0.000223
e4-qps1-r1,timed-16MiB,16777216,5,gpu-3uwoq-6g3ya-2,1,70,0.000228
e4-qps1-r1,timed-16MiB,16777216,5,gpu-3uwoq-6g3ya-2,1,71,0.000216
e4-qps1-r1,timed-16MiB,16777216,5,gpu-3uwoq-6g3ya-2,1,72,0.000223
e4-qps1-r1,timed-16MiB,16777216,5,gpu-3uwoq-6g3ya-2,1,73,0.000224
e4-qps1-r1,timed-16MiB,16777216,5,gpu-3uwoq-6g3ya-2,1,74,0.000226
e4-qps1-r1,timed-16MiB,16777216,5,gpu-3uwoq-6g3ya-2,1,75,0.000217
e4-qps1-r1,timed-16MiB,16777216,5,gpu-3uwoq-6g3ya-2,1,76,0.000222
e4-qps1-r1,timed-16MiB,16777216,5,gpu-3uwoq-6g3ya-2,1,77,0.000226
e4-qps1-r1,timed-16MiB,16777216,5,gpu-3uwoq-6g3ya-2,1,78,0.000226
e4-qps1-r1,timed-16MiB,16777216,5,gpu-3uwoq-6g3ya-2,1,79,0.000221
e4-qps1-r1,timed-16MiB,16777216,5,gpu-3uwoq-6g3ya-2,1,80,0.000221
e4-qps1-r1,timed-16MiB,16777216,5,gpu-3uwoq-6g3ya-2,1,81,0.000226
e4-qps1-r1,timed-16MiB,16777216,5,gpu-3uwoq-6g3ya-2,1,82,0.000221
e4-qps1-r1,timed-16MiB,16777216,5,gpu-3uwoq-6g3ya-2,1,83,0.000224
e4-qps1-r1,timed-16MiB,16777216,5,gpu-3uwoq-6g3ya-2,1,84,0.000229
e4-qps1-r1,timed-16MiB,16777216,5,gpu-3uwoq-6g3ya-2,1,85,0.000222
e4-qps1-r1,timed-16MiB,16777216,5,gpu-3uwoq-6g3ya-2,1,86,0.000224
e4-qps1-r1,timed-16MiB,16777216,5,gpu-3uwoq-6g3ya-2,1,87,0.000217
e4-qps1-r1,timed-16MiB,16777216,5,gpu-3uwoq-6g3ya-2,1,88,0.000225
e4-qps1-r1,timed-16MiB,16777216,5,gpu-3uwoq-6g3ya-2,1,89,0.000223
e4-qps1-r1,timed-16MiB,16777216,5,gpu-3uwoq-6g3ya-2,1,90,0.000224
e4-qps1-r1,timed-16MiB,16777216,5,gpu-3uwoq-6g3ya-2,1,91,0.000224
e4-qps1-r1,timed-16MiB,16777216,5,gpu-3uwoq-6g3ya-2,1,92,0.000221
e4-qps1-r1,timed-16MiB,16777216,5,gpu-3uwoq-6g3ya-2,1,93,0.000234
e4-qps1-r1,timed-16MiB,16777216,5,gpu-3uwoq-6g3ya-2,1,94,0.000218
e4-qps1-r1,timed-16MiB,16777216,5,gpu-3uwoq-6g3ya-2,1,95,0.000224
e4-qps1-r1,timed-16MiB,16777216,5,gpu-3uwoq-6g3ya-2,1,96,0.000224
e4-qps1-r1,timed-16MiB,16777216,5,gpu-3uwoq-6g3ya-2,1,97,0.000228
e4-qps1-r1,timed-16MiB,16777216,5,gpu-3uwoq-6g3ya-2,1,98,0.000222
e4-qps1-r1,timed-16MiB,16777216,5,gpu-3uwoq-6g3ya-2,1,99,0.000201
e4-qps1-r1,timed-16MiB,16777216,6,gpu-3uwoq-6g3ya-2,2,0,0.000511
e4-qps1-r1,timed-16MiB,16777216,6,gpu-3uwoq-6g3ya-2,2,1,0.000243
e4-qps1-r1,timed-16MiB,16777216,6,gpu-3uwoq-6g3ya-2,2,2,0.000239
e4-qps1-r1,timed-16MiB,16777216,6,gpu-3uwoq-6g3ya-2,2,3,0.000242
e4-qps1-r1,timed-16MiB,16777216,6,gpu-3uwoq-6g3ya-2,2,4,0.000231
e4-qps1-r1,timed-16MiB,16777216,6,gpu-3uwoq-6g3ya-2,2,5,0.000240
e4-qps1-r1,timed-16MiB,16777216,6,gpu-3uwoq-6g3ya-2,2,6,0.000232
e4-qps1-r1,timed-16MiB,16777216,6,gpu-3uwoq-6g3ya-2,2,7,0.000232
e4-qps1-r1,timed-16MiB,16777216,6,gpu-3uwoq-6g3ya-2,2,8,0.000224
e4-qps1-r1,timed-16MiB,16777216,6,gpu-3uwoq-6g3ya-2,2,9,0.000243
e4-qps1-r1,timed-16MiB,16777216,6,gpu-3uwoq-6g3ya-2,2,10,0.002605
e4-qps1-r1,timed-16MiB,16777216,6,gpu-3uwoq-6g3ya-2,2,11,0.003119
e4-qps1-r1,timed-16MiB,16777216,6,gpu-3uwoq-6g3ya-2,2,12,0.002297
e4-qps1-r1,timed-16MiB,16777216,6,gpu-3uwoq-6g3ya-2,2,13,0.000217
e4-qps1-r1,timed-16MiB,16777216,6,gpu-3uwoq-6g3ya-2,2,14,0.000211
e4-qps1-r1,timed-16MiB,16777216,6,gpu-3uwoq-6g3ya-2,2,15,0.000229
e4-qps1-r1,timed-16MiB,16777216,6,gpu-3uwoq-6g3ya-2,2,16,0.000226
e4-qps1-r1,timed-16MiB,16777216,6,gpu-3uwoq-6g3ya-2,2,17,0.000235
e4-qps1-r1,timed-16MiB,16777216,6,gpu-3uwoq-6g3ya-2,2,18,0.000230
e4-qps1-r1,timed-16MiB,16777216,6,gpu-3uwoq-6g3ya-2,2,19,0.000231
e4-qps1-r1,timed-16MiB,16777216,6,gpu-3uwoq-6g3ya-2,2,20,0.000221
e4-qps1-r1,timed-16MiB,16777216,6,gpu-3uwoq-6g3ya-2,2,21,0.000233
e4-qps1-r1,timed-16MiB,16777216,6,gpu-3uwoq-6g3ya-2,2,22,0.000238
e4-qps1-r1,timed-16MiB,16777216,6,gpu-3uwoq-6g3ya-2,2,23,0.000229
e4-qps1-r1,timed-16MiB,16777216,6,gpu-3uwoq-6g3ya-2,2,24,0.000226
e4-qps1-r1,timed-16MiB,16777216,6,gpu-3uwoq-6g3ya-2,2,25,0.000235
e4-qps1-r1,timed-16MiB,16777216,6,gpu-3uwoq-6g3ya-2,2,26,0.000228
e4-qps1-r1,timed-16MiB,16777216,6,gpu-3uwoq-6g3ya-2,2,27,0.000233
e4-qps1-r1,timed-16MiB,16777216,6,gpu-3uwoq-6g3ya-2,2,28,0.000229
e4-qps1-r1,timed-16MiB,16777216,6,gpu-3uwoq-6g3ya-2,2,29,0.000233
e4-qps1-r1,timed-16MiB,16777216,6,gpu-3uwoq-6g3ya-2,2,30,0.000230
e4-qps1-r1,timed-16MiB,16777216,6,gpu-3uwoq-6g3ya-2,2,31,0.000224
e4-qps1-r1,timed-16MiB,16777216,6,gpu-3uwoq-6g3ya-2,2,32,0.000232
e4-qps1-r1,timed-16MiB,16777216,6,gpu-3uwoq-6g3ya-2,2,33,0.000231
e4-qps1-r1,timed-16MiB,16777216,6,gpu-3uwoq-6g3ya-2,2,34,0.000226
e4-qps1-r1,timed-16MiB,16777216,6,gpu-3uwoq-6g3ya-2,2,35,0.000229
e4-qps1-r1,timed-16MiB,16777216,6,gpu-3uwoq-6g3ya-2,2,36,0.000228
e4-qps1-r1,timed-16MiB,16777216,6,gpu-3uwoq-6g3ya-2,2,37,0.000233
e4-qps1-r1,timed-16MiB,16777216,6,gpu-3uwoq-6g3ya-2,2,38,0.000228
e4-qps1-r1,timed-16MiB,16777216,6,gpu-3uwoq-6g3ya-2,2,39,0.000229
e4-qps1-r1,timed-16MiB,16777216,6,gpu-3uwoq-6g3ya-2,2,40,0.000219
e4-qps1-r1,timed-16MiB,16777216,6,gpu-3uwoq-6g3ya-2,2,41,0.000229
e4-qps1-r1,timed-16MiB,16777216,6,gpu-3uwoq-6g3ya-2,2,42,0.000232
e4-qps1-r1,timed-16MiB,16777216,6,gpu-3uwoq-6g3ya-2,2,43,0.000227
e4-qps1-r1,timed-16MiB,16777216,6,gpu-3uwoq-6g3ya-2,2,44,0.000223
e4-qps1-r1,timed-16MiB,16777216,6,gpu-3uwoq-6g3ya-2,2,45,0.000231
e4-qps1-r1,timed-16MiB,16777216,6,gpu-3uwoq-6g3ya-2,2,46,0.000226
e4-qps1-r1,timed-16MiB,16777216,6,gpu-3uwoq-6g3ya-2,2,47,0.000221
e4-qps1-r1,timed-16MiB,16777216,6,gpu-3uwoq-6g3ya-2,2,48,0.000223
e4-qps1-r1,timed-16MiB,16777216,6,gpu-3uwoq-6g3ya-2,2,49,0.000230
e4-qps1-r1,timed-16MiB,16777216,6,gpu-3uwoq-6g3ya-2,2,50,0.000225
e4-qps1-r1,timed-16MiB,16777216,6,gpu-3uwoq-6g3ya-2,2,51,0.000223
e4-qps1-r1,timed-16MiB,16777216,6,gpu-3uwoq-6g3ya-2,2,52,0.000218
e4-qps1-r1,timed-16MiB,16777216,6,gpu-3uwoq-6g3ya-2,2,53,0.000227
e4-qps1-r1,timed-16MiB,16777216,6,gpu-3uwoq-6g3ya-2,2,54,0.000224
e4-qps1-r1,timed-16MiB,16777216,6,gpu-3uwoq-6g3ya-2,2,55,0.000227
e4-qps1-r1,timed-16MiB,16777216,6,gpu-3uwoq-6g3ya-2,2,56,0.000220
e4-qps1-r1,timed-16MiB,16777216,6,gpu-3uwoq-6g3ya-2,2,57,0.000225
e4-qps1-r1,timed-16MiB,16777216,6,gpu-3uwoq-6g3ya-2,2,58,0.000225
e4-qps1-r1,timed-16MiB,16777216,6,gpu-3uwoq-6g3ya-2,2,59,0.000218
e4-qps1-r1,timed-16MiB,16777216,6,gpu-3uwoq-6g3ya-2,2,60,0.000226
e4-qps1-r1,timed-16MiB,16777216,6,gpu-3uwoq-6g3ya-2,2,61,0.000223
e4-qps1-r1,timed-16MiB,16777216,6,gpu-3uwoq-6g3ya-2,2,62,0.000223
e4-qps1-r1,timed-16MiB,16777216,6,gpu-3uwoq-6g3ya-2,2,63,0.000223
e4-qps1-r1,timed-16MiB,16777216,6,gpu-3uwoq-6g3ya-2,2,64,0.000222
e4-qps1-r1,timed-16MiB,16777216,6,gpu-3uwoq-6g3ya-2,2,65,0.000229
e4-qps1-r1,timed-16MiB,16777216,6,gpu-3uwoq-6g3ya-2,2,66,0.000225
e4-qps1-r1,timed-16MiB,16777216,6,gpu-3uwoq-6g3ya-2,2,67,0.000221
e4-qps1-r1,timed-16MiB,16777216,6,gpu-3uwoq-6g3ya-2,2,68,0.000230
e4-qps1-r1,timed-16MiB,16777216,6,gpu-3uwoq-6g3ya-2,2,69,0.000223
e4-qps1-r1,timed-16MiB,16777216,6,gpu-3uwoq-6g3ya-2,2,70,0.000226
e4-qps1-r1,timed-16MiB,16777216,6,gpu-3uwoq-6g3ya-2,2,71,0.000217
e4-qps1-r1,timed-16MiB,16777216,6,gpu-3uwoq-6g3ya-2,2,72,0.000222
e4-qps1-r1,timed-16MiB,16777216,6,gpu-3uwoq-6g3ya-2,2,73,0.000225
e4-qps1-r1,timed-16MiB,16777216,6,gpu-3uwoq-6g3ya-2,2,74,0.000223
e4-qps1-r1,timed-16MiB,16777216,6,gpu-3uwoq-6g3ya-2,2,75,0.000215
e4-qps1-r1,timed-16MiB,16777216,6,gpu-3uwoq-6g3ya-2,2,76,0.000222
e4-qps1-r1,timed-16MiB,16777216,6,gpu-3uwoq-6g3ya-2,2,77,0.000227
e4-qps1-r1,timed-16MiB,16777216,6,gpu-3uwoq-6g3ya-2,2,78,0.000224
e4-qps1-r1,timed-16MiB,16777216,6,gpu-3uwoq-6g3ya-2,2,79,0.000219
e4-qps1-r1,timed-16MiB,16777216,6,gpu-3uwoq-6g3ya-2,2,80,0.000222
e4-qps1-r1,timed-16MiB,16777216,6,gpu-3uwoq-6g3ya-2,2,81,0.000225
e4-qps1-r1,timed-16MiB,16777216,6,gpu-3uwoq-6g3ya-2,2,82,0.000220
e4-qps1-r1,timed-16MiB,16777216,6,gpu-3uwoq-6g3ya-2,2,83,0.000223
e4-qps1-r1,timed-16MiB,16777216,6,gpu-3uwoq-6g3ya-2,2,84,0.000228
e4-qps1-r1,timed-16MiB,16777216,6,gpu-3uwoq-6g3ya-2,2,85,0.000221
e4-qps1-r1,timed-16MiB,16777216,6,gpu-3uwoq-6g3ya-2,2,86,0.000222
e4-qps1-r1,timed-16MiB,16777216,6,gpu-3uwoq-6g3ya-2,2,87,0.000219
e4-qps1-r1,timed-16MiB,16777216,6,gpu-3uwoq-6g3ya-2,2,88,0.000222
e4-qps1-r1,timed-16MiB,16777216,6,gpu-3uwoq-6g3ya-2,2,89,0.000223
e4-qps1-r1,timed-16MiB,16777216,6,gpu-3uwoq-6g3ya-2,2,90,0.000222
e4-qps1-r1,timed-16MiB,16777216,6,gpu-3uwoq-6g3ya-2,2,91,0.000223
e4-qps1-r1,timed-16MiB,16777216,6,gpu-3uwoq-6g3ya-2,2,92,0.000220
e4-qps1-r1,timed-16MiB,16777216,6,gpu-3uwoq-6g3ya-2,2,93,0.000233
e4-qps1-r1,timed-16MiB,16777216,6,gpu-3uwoq-6g3ya-2,2,94,0.000220
e4-qps1-r1,timed-16MiB,16777216,6,gpu-3uwoq-6g3ya-2,2,95,0.000222
e4-qps1-r1,timed-16MiB,16777216,6,gpu-3uwoq-6g3ya-2,2,96,0.000224
e4-qps1-r1,timed-16MiB,16777216,6,gpu-3uwoq-6g3ya-2,2,97,0.000226
e4-qps1-r1,timed-16MiB,16777216,6,gpu-3uwoq-6g3ya-2,2,98,0.000222
e4-qps1-r1,timed-16MiB,16777216,6,gpu-3uwoq-6g3ya-2,2,99,0.000200
e4-qps1-r1,timed-16MiB,16777216,7,gpu-3uwoq-6g3ya-2,3,0,0.000696
e4-qps1-r1,timed-16MiB,16777216,7,gpu-3uwoq-6g3ya-2,3,1,0.000245
e4-qps1-r1,timed-16MiB,16777216,7,gpu-3uwoq-6g3ya-2,3,2,0.000241
e4-qps1-r1,timed-16MiB,16777216,7,gpu-3uwoq-6g3ya-2,3,3,0.000241
e4-qps1-r1,timed-16MiB,16777216,7,gpu-3uwoq-6g3ya-2,3,4,0.000232
e4-qps1-r1,timed-16MiB,16777216,7,gpu-3uwoq-6g3ya-2,3,5,0.000244
e4-qps1-r1,timed-16MiB,16777216,7,gpu-3uwoq-6g3ya-2,3,6,0.000232
e4-qps1-r1,timed-16MiB,16777216,7,gpu-3uwoq-6g3ya-2,3,7,0.000231
e4-qps1-r1,timed-16MiB,16777216,7,gpu-3uwoq-6g3ya-2,3,8,0.000224
e4-qps1-r1,timed-16MiB,16777216,7,gpu-3uwoq-6g3ya-2,3,9,0.000243
e4-qps1-r1,timed-16MiB,16777216,7,gpu-3uwoq-6g3ya-2,3,10,0.002605
e4-qps1-r1,timed-16MiB,16777216,7,gpu-3uwoq-6g3ya-2,3,11,0.003121
e4-qps1-r1,timed-16MiB,16777216,7,gpu-3uwoq-6g3ya-2,3,12,0.002294
e4-qps1-r1,timed-16MiB,16777216,7,gpu-3uwoq-6g3ya-2,3,13,0.000220
e4-qps1-r1,timed-16MiB,16777216,7,gpu-3uwoq-6g3ya-2,3,14,0.000211
e4-qps1-r1,timed-16MiB,16777216,7,gpu-3uwoq-6g3ya-2,3,15,0.000228
e4-qps1-r1,timed-16MiB,16777216,7,gpu-3uwoq-6g3ya-2,3,16,0.000228
e4-qps1-r1,timed-16MiB,16777216,7,gpu-3uwoq-6g3ya-2,3,17,0.000234
e4-qps1-r1,timed-16MiB,16777216,7,gpu-3uwoq-6g3ya-2,3,18,0.000232
e4-qps1-r1,timed-16MiB,16777216,7,gpu-3uwoq-6g3ya-2,3,19,0.000231
e4-qps1-r1,timed-16MiB,16777216,7,gpu-3uwoq-6g3ya-2,3,20,0.000222
e4-qps1-r1,timed-16MiB,16777216,7,gpu-3uwoq-6g3ya-2,3,21,0.000232
e4-qps1-r1,timed-16MiB,16777216,7,gpu-3uwoq-6g3ya-2,3,22,0.000238
e4-qps1-r1,timed-16MiB,16777216,7,gpu-3uwoq-6g3ya-2,3,23,0.000228
e4-qps1-r1,timed-16MiB,16777216,7,gpu-3uwoq-6g3ya-2,3,24,0.000228
e4-qps1-r1,timed-16MiB,16777216,7,gpu-3uwoq-6g3ya-2,3,25,0.000237
e4-qps1-r1,timed-16MiB,16777216,7,gpu-3uwoq-6g3ya-2,3,26,0.000226
e4-qps1-r1,timed-16MiB,16777216,7,gpu-3uwoq-6g3ya-2,3,27,0.000232
e4-qps1-r1,timed-16MiB,16777216,7,gpu-3uwoq-6g3ya-2,3,28,0.000232
e4-qps1-r1,timed-16MiB,16777216,7,gpu-3uwoq-6g3ya-2,3,29,0.000234
e4-qps1-r1,timed-16MiB,16777216,7,gpu-3uwoq-6g3ya-2,3,30,0.000229
e4-qps1-r1,timed-16MiB,16777216,7,gpu-3uwoq-6g3ya-2,3,31,0.000226
e4-qps1-r1,timed-16MiB,16777216,7,gpu-3uwoq-6g3ya-2,3,32,0.000230
e4-qps1-r1,timed-16MiB,16777216,7,gpu-3uwoq-6g3ya-2,3,33,0.000232
e4-qps1-r1,timed-16MiB,16777216,7,gpu-3uwoq-6g3ya-2,3,34,0.000226
e4-qps1-r1,timed-16MiB,16777216,7,gpu-3uwoq-6g3ya-2,3,35,0.000228
e4-qps1-r1,timed-16MiB,16777216,7,gpu-3uwoq-6g3ya-2,3,36,0.000228
e4-qps1-r1,timed-16MiB,16777216,7,gpu-3uwoq-6g3ya-2,3,37,0.000233
e4-qps1-r1,timed-16MiB,16777216,7,gpu-3uwoq-6g3ya-2,3,38,0.000230
e4-qps1-r1,timed-16MiB,16777216,7,gpu-3uwoq-6g3ya-2,3,39,0.000228
e4-qps1-r1,timed-16MiB,16777216,7,gpu-3uwoq-6g3ya-2,3,40,0.000220
e4-qps1-r1,timed-16MiB,16777216,7,gpu-3uwoq-6g3ya-2,3,41,0.000230
e4-qps1-r1,timed-16MiB,16777216,7,gpu-3uwoq-6g3ya-2,3,42,0.000232
e4-qps1-r1,timed-16MiB,16777216,7,gpu-3uwoq-6g3ya-2,3,43,0.000226
e4-qps1-r1,timed-16MiB,16777216,7,gpu-3uwoq-6g3ya-2,3,44,0.000224
e4-qps1-r1,timed-16MiB,16777216,7,gpu-3uwoq-6g3ya-2,3,45,0.000232
e4-qps1-r1,timed-16MiB,16777216,7,gpu-3uwoq-6g3ya-2,3,46,0.000226
e4-qps1-r1,timed-16MiB,16777216,7,gpu-3uwoq-6g3ya-2,3,47,0.000220
e4-qps1-r1,timed-16MiB,16777216,7,gpu-3uwoq-6g3ya-2,3,48,0.000225
e4-qps1-r1,timed-16MiB,16777216,7,gpu-3uwoq-6g3ya-2,3,49,0.000229
e4-qps1-r1,timed-16MiB,16777216,7,gpu-3uwoq-6g3ya-2,3,50,0.000227
e4-qps1-r1,timed-16MiB,16777216,7,gpu-3uwoq-6g3ya-2,3,51,0.000224
e4-qps1-r1,timed-16MiB,16777216,7,gpu-3uwoq-6g3ya-2,3,52,0.000218
e4-qps1-r1,timed-16MiB,16777216,7,gpu-3uwoq-6g3ya-2,3,53,0.000226
e4-qps1-r1,timed-16MiB,16777216,7,gpu-3uwoq-6g3ya-2,3,54,0.000224
e4-qps1-r1,timed-16MiB,16777216,7,gpu-3uwoq-6g3ya-2,3,55,0.000228
e4-qps1-r1,timed-16MiB,16777216,7,gpu-3uwoq-6g3ya-2,3,56,0.000222
e4-qps1-r1,timed-16MiB,16777216,7,gpu-3uwoq-6g3ya-2,3,57,0.000224
e4-qps1-r1,timed-16MiB,16777216,7,gpu-3uwoq-6g3ya-2,3,58,0.000226
e4-qps1-r1,timed-16MiB,16777216,7,gpu-3uwoq-6g3ya-2,3,59,0.000218
e4-qps1-r1,timed-16MiB,16777216,7,gpu-3uwoq-6g3ya-2,3,60,0.000226
e4-qps1-r1,timed-16MiB,16777216,7,gpu-3uwoq-6g3ya-2,3,61,0.000222
e4-qps1-r1,timed-16MiB,16777216,7,gpu-3uwoq-6g3ya-2,3,62,0.000226
e4-qps1-r1,timed-16MiB,16777216,7,gpu-3uwoq-6g3ya-2,3,63,0.000222
e4-qps1-r1,timed-16MiB,16777216,7,gpu-3uwoq-6g3ya-2,3,64,0.000224
e4-qps1-r1,timed-16MiB,16777216,7,gpu-3uwoq-6g3ya-2,3,65,0.000228
e4-qps1-r1,timed-16MiB,16777216,7,gpu-3uwoq-6g3ya-2,3,66,0.000227
e4-qps1-r1,timed-16MiB,16777216,7,gpu-3uwoq-6g3ya-2,3,67,0.000220
e4-qps1-r1,timed-16MiB,16777216,7,gpu-3uwoq-6g3ya-2,3,68,0.000232
e4-qps1-r1,timed-16MiB,16777216,7,gpu-3uwoq-6g3ya-2,3,69,0.000222
e4-qps1-r1,timed-16MiB,16777216,7,gpu-3uwoq-6g3ya-2,3,70,0.000228
e4-qps1-r1,timed-16MiB,16777216,7,gpu-3uwoq-6g3ya-2,3,71,0.000216
e4-qps1-r1,timed-16MiB,16777216,7,gpu-3uwoq-6g3ya-2,3,72,0.000221
e4-qps1-r1,timed-16MiB,16777216,7,gpu-3uwoq-6g3ya-2,3,73,0.000226
e4-qps1-r1,timed-16MiB,16777216,7,gpu-3uwoq-6g3ya-2,3,74,0.000224
e4-qps1-r1,timed-16MiB,16777216,7,gpu-3uwoq-6g3ya-2,3,75,0.000216
e4-qps1-r1,timed-16MiB,16777216,7,gpu-3uwoq-6g3ya-2,3,76,0.000222
e4-qps1-r1,timed-16MiB,16777216,7,gpu-3uwoq-6g3ya-2,3,77,0.000227
e4-qps1-r1,timed-16MiB,16777216,7,gpu-3uwoq-6g3ya-2,3,78,0.000225
e4-qps1-r1,timed-16MiB,16777216,7,gpu-3uwoq-6g3ya-2,3,79,0.000220
e4-qps1-r1,timed-16MiB,16777216,7,gpu-3uwoq-6g3ya-2,3,80,0.000222
e4-qps1-r1,timed-16MiB,16777216,7,gpu-3uwoq-6g3ya-2,3,81,0.000226
e4-qps1-r1,timed-16MiB,16777216,7,gpu-3uwoq-6g3ya-2,3,82,0.000220
e4-qps1-r1,timed-16MiB,16777216,7,gpu-3uwoq-6g3ya-2,3,83,0.000222
e4-qps1-r1,timed-16MiB,16777216,7,gpu-3uwoq-6g3ya-2,3,84,0.000230
e4-qps1-r1,timed-16MiB,16777216,7,gpu-3uwoq-6g3ya-2,3,85,0.000222
e4-qps1-r1,timed-16MiB,16777216,7,gpu-3uwoq-6g3ya-2,3,86,0.000222
e4-qps1-r1,timed-16MiB,16777216,7,gpu-3uwoq-6g3ya-2,3,87,0.000218
e4-qps1-r1,timed-16MiB,16777216,7,gpu-3uwoq-6g3ya-2,3,88,0.000224
e4-qps1-r1,timed-16MiB,16777216,7,gpu-3uwoq-6g3ya-2,3,89,0.000224
e4-qps1-r1,timed-16MiB,16777216,7,gpu-3uwoq-6g3ya-2,3,90,0.000222
e4-qps1-r1,timed-16MiB,16777216,7,gpu-3uwoq-6g3ya-2,3,91,0.000222
e4-qps1-r1,timed-16MiB,16777216,7,gpu-3uwoq-6g3ya-2,3,92,0.000222
e4-qps1-r1,timed-16MiB,16777216,7,gpu-3uwoq-6g3ya-2,3,93,0.000234
e4-qps1-r1,timed-16MiB,16777216,7,gpu-3uwoq-6g3ya-2,3,94,0.000218
e4-qps1-r1,timed-16MiB,16777216,7,gpu-3uwoq-6g3ya-2,3,95,0.000223
e4-qps1-r1,timed-16MiB,16777216,7,gpu-3uwoq-6g3ya-2,3,96,0.000225
e4-qps1-r1,timed-16MiB,16777216,7,gpu-3uwoq-6g3ya-2,3,97,0.000226
e4-qps1-r1,timed-16MiB,16777216,7,gpu-3uwoq-6g3ya-2,3,98,0.000221
e4-qps1-r1,timed-16MiB,16777216,7,gpu-3uwoq-6g3ya-2,3,99,0.000199
e4-qps1-r1,timed-512MiB,536870912,0,gpu-3uwoq-6g3ya-1,0,0,0.002532
e4-qps1-r1,timed-512MiB,536870912,0,gpu-3uwoq-6g3ya-1,0,1,0.002286
e4-qps1-r1,timed-512MiB,536870912,0,gpu-3uwoq-6g3ya-1,0,2,0.002259
e4-qps1-r1,timed-512MiB,536870912,0,gpu-3uwoq-6g3ya-1,0,3,0.002270
e4-qps1-r1,timed-512MiB,536870912,0,gpu-3uwoq-6g3ya-1,0,4,0.002269
e4-qps1-r1,timed-512MiB,536870912,0,gpu-3uwoq-6g3ya-1,0,5,0.002239
e4-qps1-r1,timed-512MiB,536870912,0,gpu-3uwoq-6g3ya-1,0,6,0.002222
e4-qps1-r1,timed-512MiB,536870912,0,gpu-3uwoq-6g3ya-1,0,7,0.002083
e4-qps1-r1,timed-512MiB,536870912,0,gpu-3uwoq-6g3ya-1,0,8,0.002164
e4-qps1-r1,timed-512MiB,536870912,0,gpu-3uwoq-6g3ya-1,0,9,0.002270
e4-qps1-r1,timed-512MiB,536870912,0,gpu-3uwoq-6g3ya-1,0,10,0.002287
e4-qps1-r1,timed-512MiB,536870912,0,gpu-3uwoq-6g3ya-1,0,11,0.002450
e4-qps1-r1,timed-512MiB,536870912,0,gpu-3uwoq-6g3ya-1,0,12,0.002466
e4-qps1-r1,timed-512MiB,536870912,0,gpu-3uwoq-6g3ya-1,0,13,0.002073
e4-qps1-r1,timed-512MiB,536870912,0,gpu-3uwoq-6g3ya-1,0,14,0.002695
e4-qps1-r1,timed-512MiB,536870912,0,gpu-3uwoq-6g3ya-1,0,15,0.002429
e4-qps1-r1,timed-512MiB,536870912,0,gpu-3uwoq-6g3ya-1,0,16,0.002056
e4-qps1-r1,timed-512MiB,536870912,0,gpu-3uwoq-6g3ya-1,0,17,0.002317
e4-qps1-r1,timed-512MiB,536870912,0,gpu-3uwoq-6g3ya-1,0,18,0.002208
e4-qps1-r1,timed-512MiB,536870912,0,gpu-3uwoq-6g3ya-1,0,19,0.002360
e4-qps1-r1,timed-512MiB,536870912,1,gpu-3uwoq-6g3ya-1,1,0,0.002566
e4-qps1-r1,timed-512MiB,536870912,1,gpu-3uwoq-6g3ya-1,1,1,0.002286
e4-qps1-r1,timed-512MiB,536870912,1,gpu-3uwoq-6g3ya-1,1,2,0.002262
e4-qps1-r1,timed-512MiB,536870912,1,gpu-3uwoq-6g3ya-1,1,3,0.002268
e4-qps1-r1,timed-512MiB,536870912,1,gpu-3uwoq-6g3ya-1,1,4,0.002268
e4-qps1-r1,timed-512MiB,536870912,1,gpu-3uwoq-6g3ya-1,1,5,0.002241
e4-qps1-r1,timed-512MiB,536870912,1,gpu-3uwoq-6g3ya-1,1,6,0.002222
e4-qps1-r1,timed-512MiB,536870912,1,gpu-3uwoq-6g3ya-1,1,7,0.002083
e4-qps1-r1,timed-512MiB,536870912,1,gpu-3uwoq-6g3ya-1,1,8,0.002165
e4-qps1-r1,timed-512MiB,536870912,1,gpu-3uwoq-6g3ya-1,1,9,0.002270
e4-qps1-r1,timed-512MiB,536870912,1,gpu-3uwoq-6g3ya-1,1,10,0.002288
e4-qps1-r1,timed-512MiB,536870912,1,gpu-3uwoq-6g3ya-1,1,11,0.002450
e4-qps1-r1,timed-512MiB,536870912,1,gpu-3uwoq-6g3ya-1,1,12,0.002466
e4-qps1-r1,timed-512MiB,536870912,1,gpu-3uwoq-6g3ya-1,1,13,0.002075
e4-qps1-r1,timed-512MiB,536870912,1,gpu-3uwoq-6g3ya-1,1,14,0.002694
e4-qps1-r1,timed-512MiB,536870912,1,gpu-3uwoq-6g3ya-1,1,15,0.002430
e4-qps1-r1,timed-512MiB,536870912,1,gpu-3uwoq-6g3ya-1,1,16,0.002058
e4-qps1-r1,timed-512MiB,536870912,1,gpu-3uwoq-6g3ya-1,1,17,0.002319
e4-qps1-r1,timed-512MiB,536870912,1,gpu-3uwoq-6g3ya-1,1,18,0.002206
e4-qps1-r1,timed-512MiB,536870912,1,gpu-3uwoq-6g3ya-1,1,19,0.002364
e4-qps1-r1,timed-512MiB,536870912,2,gpu-3uwoq-6g3ya-1,2,0,0.002621
e4-qps1-r1,timed-512MiB,536870912,2,gpu-3uwoq-6g3ya-1,2,1,0.002283
e4-qps1-r1,timed-512MiB,536870912,2,gpu-3uwoq-6g3ya-1,2,2,0.002261
e4-qps1-r1,timed-512MiB,536870912,2,gpu-3uwoq-6g3ya-1,2,3,0.002268
e4-qps1-r1,timed-512MiB,536870912,2,gpu-3uwoq-6g3ya-1,2,4,0.002265
e4-qps1-r1,timed-512MiB,536870912,2,gpu-3uwoq-6g3ya-1,2,5,0.002239
e4-qps1-r1,timed-512MiB,536870912,2,gpu-3uwoq-6g3ya-1,2,6,0.002222
e4-qps1-r1,timed-512MiB,536870912,2,gpu-3uwoq-6g3ya-1,2,7,0.002085
e4-qps1-r1,timed-512MiB,536870912,2,gpu-3uwoq-6g3ya-1,2,8,0.002164
e4-qps1-r1,timed-512MiB,536870912,2,gpu-3uwoq-6g3ya-1,2,9,0.002268
e4-qps1-r1,timed-512MiB,536870912,2,gpu-3uwoq-6g3ya-1,2,10,0.002287
e4-qps1-r1,timed-512MiB,536870912,2,gpu-3uwoq-6g3ya-1,2,11,0.002450
e4-qps1-r1,timed-512MiB,536870912,2,gpu-3uwoq-6g3ya-1,2,12,0.002467
e4-qps1-r1,timed-512MiB,536870912,2,gpu-3uwoq-6g3ya-1,2,13,0.002075
e4-qps1-r1,timed-512MiB,536870912,2,gpu-3uwoq-6g3ya-1,2,14,0.002695
e4-qps1-r1,timed-512MiB,536870912,2,gpu-3uwoq-6g3ya-1,2,15,0.002427
e4-qps1-r1,timed-512MiB,536870912,2,gpu-3uwoq-6g3ya-1,2,16,0.002058
e4-qps1-r1,timed-512MiB,536870912,2,gpu-3uwoq-6g3ya-1,2,17,0.002314
e4-qps1-r1,timed-512MiB,536870912,2,gpu-3uwoq-6g3ya-1,2,18,0.002210
e4-qps1-r1,timed-512MiB,536870912,2,gpu-3uwoq-6g3ya-1,2,19,0.002360
e4-qps1-r1,timed-512MiB,536870912,3,gpu-3uwoq-6g3ya-1,3,0,0.002551
e4-qps1-r1,timed-512MiB,536870912,3,gpu-3uwoq-6g3ya-1,3,1,0.002287
e4-qps1-r1,timed-512MiB,536870912,3,gpu-3uwoq-6g3ya-1,3,2,0.002265
e4-qps1-r1,timed-512MiB,536870912,3,gpu-3uwoq-6g3ya-1,3,3,0.002269
e4-qps1-r1,timed-512MiB,536870912,3,gpu-3uwoq-6g3ya-1,3,4,0.002261
e4-qps1-r1,timed-512MiB,536870912,3,gpu-3uwoq-6g3ya-1,3,5,0.002239
e4-qps1-r1,timed-512MiB,536870912,3,gpu-3uwoq-6g3ya-1,3,6,0.002223
e4-qps1-r1,timed-512MiB,536870912,3,gpu-3uwoq-6g3ya-1,3,7,0.002085
e4-qps1-r1,timed-512MiB,536870912,3,gpu-3uwoq-6g3ya-1,3,8,0.002164
e4-qps1-r1,timed-512MiB,536870912,3,gpu-3uwoq-6g3ya-1,3,9,0.002268
e4-qps1-r1,timed-512MiB,536870912,3,gpu-3uwoq-6g3ya-1,3,10,0.002287
e4-qps1-r1,timed-512MiB,536870912,3,gpu-3uwoq-6g3ya-1,3,11,0.002451
e4-qps1-r1,timed-512MiB,536870912,3,gpu-3uwoq-6g3ya-1,3,12,0.002466
e4-qps1-r1,timed-512MiB,536870912,3,gpu-3uwoq-6g3ya-1,3,13,0.002075
e4-qps1-r1,timed-512MiB,536870912,3,gpu-3uwoq-6g3ya-1,3,14,0.002694
e4-qps1-r1,timed-512MiB,536870912,3,gpu-3uwoq-6g3ya-1,3,15,0.002429
e4-qps1-r1,timed-512MiB,536870912,3,gpu-3uwoq-6g3ya-1,3,16,0.002058
e4-qps1-r1,timed-512MiB,536870912,3,gpu-3uwoq-6g3ya-1,3,17,0.002314
e4-qps1-r1,timed-512MiB,536870912,3,gpu-3uwoq-6g3ya-1,3,18,0.002208
e4-qps1-r1,timed-512MiB,536870912,3,gpu-3uwoq-6g3ya-1,3,19,0.002362
e4-qps1-r1,timed-512MiB,536870912,4,gpu-3uwoq-6g3ya-2,0,0,0.002602
e4-qps1-r1,timed-512MiB,536870912,4,gpu-3uwoq-6g3ya-2,0,1,0.002273
e4-qps1-r1,timed-512MiB,536870912,4,gpu-3uwoq-6g3ya-2,0,2,0.002237
e4-qps1-r1,timed-512MiB,536870912,4,gpu-3uwoq-6g3ya-2,0,3,0.002288
e4-qps1-r1,timed-512MiB,536870912,4,gpu-3uwoq-6g3ya-2,0,4,0.002276
e4-qps1-r1,timed-512MiB,536870912,4,gpu-3uwoq-6g3ya-2,0,5,0.002241
e4-qps1-r1,timed-512MiB,536870912,4,gpu-3uwoq-6g3ya-2,0,6,0.002325
e4-qps1-r1,timed-512MiB,536870912,4,gpu-3uwoq-6g3ya-2,0,7,0.002090
e4-qps1-r1,timed-512MiB,536870912,4,gpu-3uwoq-6g3ya-2,0,8,0.002099
e4-qps1-r1,timed-512MiB,536870912,4,gpu-3uwoq-6g3ya-2,0,9,0.002183
e4-qps1-r1,timed-512MiB,536870912,4,gpu-3uwoq-6g3ya-2,0,10,0.002376
e4-qps1-r1,timed-512MiB,536870912,4,gpu-3uwoq-6g3ya-2,0,11,0.002363
e4-qps1-r1,timed-512MiB,536870912,4,gpu-3uwoq-6g3ya-2,0,12,0.002533
e4-qps1-r1,timed-512MiB,536870912,4,gpu-3uwoq-6g3ya-2,0,13,0.002180
e4-qps1-r1,timed-512MiB,536870912,4,gpu-3uwoq-6g3ya-2,0,14,0.002620
e4-qps1-r1,timed-512MiB,536870912,4,gpu-3uwoq-6g3ya-2,0,15,0.002340
e4-qps1-r1,timed-512MiB,536870912,4,gpu-3uwoq-6g3ya-2,0,16,0.002104
e4-qps1-r1,timed-512MiB,536870912,4,gpu-3uwoq-6g3ya-2,0,17,0.002192
e4-qps1-r1,timed-512MiB,536870912,4,gpu-3uwoq-6g3ya-2,0,18,0.002352
e4-qps1-r1,timed-512MiB,536870912,4,gpu-3uwoq-6g3ya-2,0,19,0.002223
e4-qps1-r1,timed-512MiB,536870912,5,gpu-3uwoq-6g3ya-2,1,0,0.002610
e4-qps1-r1,timed-512MiB,536870912,5,gpu-3uwoq-6g3ya-2,1,1,0.002270
e4-qps1-r1,timed-512MiB,536870912,5,gpu-3uwoq-6g3ya-2,1,2,0.002237
e4-qps1-r1,timed-512MiB,536870912,5,gpu-3uwoq-6g3ya-2,1,3,0.002288
e4-qps1-r1,timed-512MiB,536870912,5,gpu-3uwoq-6g3ya-2,1,4,0.002276
e4-qps1-r1,timed-512MiB,536870912,5,gpu-3uwoq-6g3ya-2,1,5,0.002242
e4-qps1-r1,timed-512MiB,536870912,5,gpu-3uwoq-6g3ya-2,1,6,0.002325
e4-qps1-r1,timed-512MiB,536870912,5,gpu-3uwoq-6g3ya-2,1,7,0.002087
e4-qps1-r1,timed-512MiB,536870912,5,gpu-3uwoq-6g3ya-2,1,8,0.002102
e4-qps1-r1,timed-512MiB,536870912,5,gpu-3uwoq-6g3ya-2,1,9,0.002181
e4-qps1-r1,timed-512MiB,536870912,5,gpu-3uwoq-6g3ya-2,1,10,0.002377
e4-qps1-r1,timed-512MiB,536870912,5,gpu-3uwoq-6g3ya-2,1,11,0.002360
e4-qps1-r1,timed-512MiB,536870912,5,gpu-3uwoq-6g3ya-2,1,12,0.002535
e4-qps1-r1,timed-512MiB,536870912,5,gpu-3uwoq-6g3ya-2,1,13,0.002182
e4-qps1-r1,timed-512MiB,536870912,5,gpu-3uwoq-6g3ya-2,1,14,0.002618
e4-qps1-r1,timed-512MiB,536870912,5,gpu-3uwoq-6g3ya-2,1,15,0.002340
e4-qps1-r1,timed-512MiB,536870912,5,gpu-3uwoq-6g3ya-2,1,16,0.002104
e4-qps1-r1,timed-512MiB,536870912,5,gpu-3uwoq-6g3ya-2,1,17,0.002192
e4-qps1-r1,timed-512MiB,536870912,5,gpu-3uwoq-6g3ya-2,1,18,0.002350
e4-qps1-r1,timed-512MiB,536870912,5,gpu-3uwoq-6g3ya-2,1,19,0.002225
e4-qps1-r1,timed-512MiB,536870912,6,gpu-3uwoq-6g3ya-2,2,0,0.002510
e4-qps1-r1,timed-512MiB,536870912,6,gpu-3uwoq-6g3ya-2,2,1,0.002267
e4-qps1-r1,timed-512MiB,536870912,6,gpu-3uwoq-6g3ya-2,2,2,0.002237
e4-qps1-r1,timed-512MiB,536870912,6,gpu-3uwoq-6g3ya-2,2,3,0.002288
e4-qps1-r1,timed-512MiB,536870912,6,gpu-3uwoq-6g3ya-2,2,4,0.002274
e4-qps1-r1,timed-512MiB,536870912,6,gpu-3uwoq-6g3ya-2,2,5,0.002241
e4-qps1-r1,timed-512MiB,536870912,6,gpu-3uwoq-6g3ya-2,2,6,0.002326
e4-qps1-r1,timed-512MiB,536870912,6,gpu-3uwoq-6g3ya-2,2,7,0.002091
e4-qps1-r1,timed-512MiB,536870912,6,gpu-3uwoq-6g3ya-2,2,8,0.002094
e4-qps1-r1,timed-512MiB,536870912,6,gpu-3uwoq-6g3ya-2,2,9,0.002182
e4-qps1-r1,timed-512MiB,536870912,6,gpu-3uwoq-6g3ya-2,2,10,0.002375
e4-qps1-r1,timed-512MiB,536870912,6,gpu-3uwoq-6g3ya-2,2,11,0.002362
e4-qps1-r1,timed-512MiB,536870912,6,gpu-3uwoq-6g3ya-2,2,12,0.002534
e4-qps1-r1,timed-512MiB,536870912,6,gpu-3uwoq-6g3ya-2,2,13,0.002179
e4-qps1-r1,timed-512MiB,536870912,6,gpu-3uwoq-6g3ya-2,2,14,0.002620
e4-qps1-r1,timed-512MiB,536870912,6,gpu-3uwoq-6g3ya-2,2,15,0.002339
e4-qps1-r1,timed-512MiB,536870912,6,gpu-3uwoq-6g3ya-2,2,16,0.002101
e4-qps1-r1,timed-512MiB,536870912,6,gpu-3uwoq-6g3ya-2,2,17,0.002194
e4-qps1-r1,timed-512MiB,536870912,6,gpu-3uwoq-6g3ya-2,2,18,0.002349
e4-qps1-r1,timed-512MiB,536870912,6,gpu-3uwoq-6g3ya-2,2,19,0.002222
e4-qps1-r1,timed-512MiB,536870912,7,gpu-3uwoq-6g3ya-2,3,0,0.002607
e4-qps1-r1,timed-512MiB,536870912,7,gpu-3uwoq-6g3ya-2,3,1,0.002269
e4-qps1-r1,timed-512MiB,536870912,7,gpu-3uwoq-6g3ya-2,3,2,0.002237
e4-qps1-r1,timed-512MiB,536870912,7,gpu-3uwoq-6g3ya-2,3,3,0.002288
e4-qps1-r1,timed-512MiB,536870912,7,gpu-3uwoq-6g3ya-2,3,4,0.002275
e4-qps1-r1,timed-512MiB,536870912,7,gpu-3uwoq-6g3ya-2,3,5,0.002240
e4-qps1-r1,timed-512MiB,536870912,7,gpu-3uwoq-6g3ya-2,3,6,0.002325
e4-qps1-r1,timed-512MiB,536870912,7,gpu-3uwoq-6g3ya-2,3,7,0.002087
e4-qps1-r1,timed-512MiB,536870912,7,gpu-3uwoq-6g3ya-2,3,8,0.002100
e4-qps1-r1,timed-512MiB,536870912,7,gpu-3uwoq-6g3ya-2,3,9,0.002182
e4-qps1-r1,timed-512MiB,536870912,7,gpu-3uwoq-6g3ya-2,3,10,0.002375
e4-qps1-r1,timed-512MiB,536870912,7,gpu-3uwoq-6g3ya-2,3,11,0.002360
e4-qps1-r1,timed-512MiB,536870912,7,gpu-3uwoq-6g3ya-2,3,12,0.002534
e4-qps1-r1,timed-512MiB,536870912,7,gpu-3uwoq-6g3ya-2,3,13,0.002177
e4-qps1-r1,timed-512MiB,536870912,7,gpu-3uwoq-6g3ya-2,3,14,0.002624
e4-qps1-r1,timed-512MiB,536870912,7,gpu-3uwoq-6g3ya-2,3,15,0.002337
e4-qps1-r1,timed-512MiB,536870912,7,gpu-3uwoq-6g3ya-2,3,16,0.002104
e4-qps1-r1,timed-512MiB,536870912,7,gpu-3uwoq-6g3ya-2,3,17,0.002192
e4-qps1-r1,timed-512MiB,536870912,7,gpu-3uwoq-6g3ya-2,3,18,0.002349
e4-qps1-r1,timed-512MiB,536870912,7,gpu-3uwoq-6g3ya-2,3,19,0.002224
e4-qps1-r1,timed-4GiB,4294967296,0,gpu-3uwoq-6g3ya-1,0,0,0.018913
e4-qps1-r1,timed-4GiB,4294967296,0,gpu-3uwoq-6g3ya-1,0,1,0.019297
e4-qps1-r1,timed-4GiB,4294967296,0,gpu-3uwoq-6g3ya-1,0,2,0.021487
e4-qps1-r1,timed-4GiB,4294967296,0,gpu-3uwoq-6g3ya-1,0,3,0.018889
e4-qps1-r1,timed-4GiB,4294967296,0,gpu-3uwoq-6g3ya-1,0,4,0.019405
e4-qps1-r1,timed-4GiB,4294967296,1,gpu-3uwoq-6g3ya-1,1,0,0.018954
e4-qps1-r1,timed-4GiB,4294967296,1,gpu-3uwoq-6g3ya-1,1,1,0.019296
e4-qps1-r1,timed-4GiB,4294967296,1,gpu-3uwoq-6g3ya-1,1,2,0.021489
e4-qps1-r1,timed-4GiB,4294967296,1,gpu-3uwoq-6g3ya-1,1,3,0.018887
e4-qps1-r1,timed-4GiB,4294967296,1,gpu-3uwoq-6g3ya-1,1,4,0.019403
e4-qps1-r1,timed-4GiB,4294967296,2,gpu-3uwoq-6g3ya-1,2,0,0.018952
e4-qps1-r1,timed-4GiB,4294967296,2,gpu-3uwoq-6g3ya-1,2,1,0.019295
e4-qps1-r1,timed-4GiB,4294967296,2,gpu-3uwoq-6g3ya-1,2,2,0.021489
e4-qps1-r1,timed-4GiB,4294967296,2,gpu-3uwoq-6g3ya-1,2,3,0.018889
e4-qps1-r1,timed-4GiB,4294967296,2,gpu-3uwoq-6g3ya-1,2,4,0.019403
e4-qps1-r1,timed-4GiB,4294967296,3,gpu-3uwoq-6g3ya-1,3,0,0.018949
e4-qps1-r1,timed-4GiB,4294967296,3,gpu-3uwoq-6g3ya-1,3,1,0.019297
e4-qps1-r1,timed-4GiB,4294967296,3,gpu-3uwoq-6g3ya-1,3,2,0.021487
e4-qps1-r1,timed-4GiB,4294967296,3,gpu-3uwoq-6g3ya-1,3,3,0.018889
e4-qps1-r1,timed-4GiB,4294967296,3,gpu-3uwoq-6g3ya-1,3,4,0.019405
e4-qps1-r1,timed-4GiB,4294967296,4,gpu-3uwoq-6g3ya-2,0,0,0.019032
e4-qps1-r1,timed-4GiB,4294967296,4,gpu-3uwoq-6g3ya-2,0,1,0.019255
e4-qps1-r1,timed-4GiB,4294967296,4,gpu-3uwoq-6g3ya-2,0,2,0.021459
e4-qps1-r1,timed-4GiB,4294967296,4,gpu-3uwoq-6g3ya-2,0,3,0.018967
e4-qps1-r1,timed-4GiB,4294967296,4,gpu-3uwoq-6g3ya-2,0,4,0.019354
e4-qps1-r1,timed-4GiB,4294967296,5,gpu-3uwoq-6g3ya-2,1,0,0.019031
e4-qps1-r1,timed-4GiB,4294967296,5,gpu-3uwoq-6g3ya-2,1,1,0.019249
e4-qps1-r1,timed-4GiB,4294967296,5,gpu-3uwoq-6g3ya-2,1,2,0.021461
e4-qps1-r1,timed-4GiB,4294967296,5,gpu-3uwoq-6g3ya-2,1,3,0.018971
e4-qps1-r1,timed-4GiB,4294967296,5,gpu-3uwoq-6g3ya-2,1,4,0.019348
e4-qps1-r1,timed-4GiB,4294967296,6,gpu-3uwoq-6g3ya-2,2,0,0.019022
e4-qps1-r1,timed-4GiB,4294967296,6,gpu-3uwoq-6g3ya-2,2,1,0.019255
e4-qps1-r1,timed-4GiB,4294967296,6,gpu-3uwoq-6g3ya-2,2,2,0.021458
e4-qps1-r1,timed-4GiB,4294967296,6,gpu-3uwoq-6g3ya-2,2,3,0.018967
e4-qps1-r1,timed-4GiB,4294967296,6,gpu-3uwoq-6g3ya-2,2,4,0.019354
e4-qps1-r1,timed-4GiB,4294967296,7,gpu-3uwoq-6g3ya-2,3,0,0.019033
e4-qps1-r1,timed-4GiB,4294967296,7,gpu-3uwoq-6g3ya-2,3,1,0.019251
e4-qps1-r1,timed-4GiB,4294967296,7,gpu-3uwoq-6g3ya-2,3,2,0.021458
e4-qps1-r1,timed-4GiB,4294967296,7,gpu-3uwoq-6g3ya-2,3,3,0.018969
e4-qps1-r1,timed-4GiB,4294967296,7,gpu-3uwoq-6g3ya-2,3,4,0.019352
