phase,source,device,metric,rate_per_s,gbps
idle,dcgm,gpu0,dram_active,1.142857142857143e-06,
idle,dcgm,gpu0,gpu_util,0.0,
idle,dcgm,gpu0,nvlink_bandwidth_total,0.0,
idle,dcgm,gpu0,pcie_rx_bytes,70076.74285714286,0.0005606139428571429
idle,dcgm,gpu0,pcie_tx_bytes,66961.2,0.0005356896
idle,dcgm,gpu0,power_w,228.29542857142857,
idle,dcgm,gpu0,sm_active,4.571428571428571e-07,
idle,dcgm,gpu0,sm_clock_mhz,2070.0,
idle,dcgm,gpu0,tensor_active,0.0,
idle,dcgm,gpu1,dram_active,0.0,
idle,dcgm,gpu1,gpu_util,0.0,
idle,dcgm,gpu1,nvlink_bandwidth_total,0.0,
idle,dcgm,gpu1,pcie_rx_bytes,46844.68571428571,0.0003747574857142857
idle,dcgm,gpu1,pcie_tx_bytes,44256.514285714286,0.0003540521142857143
idle,dcgm,gpu1,power_w,228.32954285714285,
idle,dcgm,gpu1,sm_active,0.0,
idle,dcgm,gpu1,sm_clock_mhz,2070.0,
idle,dcgm,gpu1,tensor_active,0.0,
idle,dcgm,gpu2,dram_active,0.0,
idle,dcgm,gpu2,gpu_util,0.0,
idle,dcgm,gpu2,nvlink_bandwidth_total,0.0,
idle,dcgm,gpu2,pcie_rx_bytes,43332.02857142857,0.0003466562285714286
idle,dcgm,gpu2,pcie_tx_bytes,42368.68571428571,0.0003389494857142857
idle,dcgm,gpu2,power_w,226.96094285714284,
idle,dcgm,gpu2,sm_active,0.0,
idle,dcgm,gpu2,sm_clock_mhz,2070.0,
idle,dcgm,gpu2,tensor_active,0.0,
idle,dcgm,gpu3,dram_active,0.0,
idle,dcgm,gpu3,gpu_util,0.0,
idle,dcgm,gpu3,nvlink_bandwidth_total,0.0,
idle,dcgm,gpu3,pcie_rx_bytes,45306.2,0.0003624496
idle,dcgm,gpu3,pcie_tx_bytes,42621.2,0.0003409696
idle,dcgm,gpu3,power_w,230.70288571428574,
idle,dcgm,gpu3,sm_active,0.0,
idle,dcgm,gpu3,sm_clock_mhz,2070.0,
idle,dcgm,gpu3,tensor_active,0.0,
idle,ib_counter,rdma_vf_rail0,link_downed,0.0,
idle,ib_counter,rdma_vf_rail0,port_rcv_data,0.0,0.0
idle,ib_counter,rdma_vf_rail0,port_rcv_errors,0.0,
idle,ib_counter,rdma_vf_rail0,port_rcv_packets,0.0,
idle,ib_counter,rdma_vf_rail0,port_xmit_data,0.0,0.0
idle,ib_counter,rdma_vf_rail0,port_xmit_discards,0.0,
idle,ib_counter,rdma_vf_rail0,port_xmit_packets,0.0,
idle,ib_counter,rdma_vf_rail0,port_xmit_wait,0.0,
idle,ib_counter,rdma_vf_rail1,link_downed,0.0,
idle,ib_counter,rdma_vf_rail1,port_rcv_data,0.0,0.0
idle,ib_counter,rdma_vf_rail1,port_rcv_errors,0.0,
idle,ib_counter,rdma_vf_rail1,port_rcv_packets,0.0,
idle,ib_counter,rdma_vf_rail1,port_xmit_data,0.0,0.0
idle,ib_counter,rdma_vf_rail1,port_xmit_discards,0.0,
idle,ib_counter,rdma_vf_rail1,port_xmit_packets,0.0,
idle,ib_counter,rdma_vf_rail1,port_xmit_wait,0.0,
idle,ib_counter,rdma_vf_rail2,link_downed,0.0,
idle,ib_counter,rdma_vf_rail2,port_rcv_data,0.0,0.0
idle,ib_counter,rdma_vf_rail2,port_rcv_errors,0.0,
idle,ib_counter,rdma_vf_rail2,port_rcv_packets,0.0,
idle,ib_counter,rdma_vf_rail2,port_xmit_data,0.0,0.0
idle,ib_counter,rdma_vf_rail2,port_xmit_discards,0.0,
idle,ib_counter,rdma_vf_rail2,port_xmit_packets,0.0,
idle,ib_counter,rdma_vf_rail2,port_xmit_wait,0.0,
idle,ib_counter,rdma_vf_rail3,link_downed,0.0,
idle,ib_counter,rdma_vf_rail3,port_rcv_data,0.0,0.0
idle,ib_counter,rdma_vf_rail3,port_rcv_errors,0.0,
idle,ib_counter,rdma_vf_rail3,port_rcv_packets,0.0,
idle,ib_counter,rdma_vf_rail3,port_xmit_data,0.0,0.0
idle,ib_counter,rdma_vf_rail3,port_xmit_discards,0.0,
idle,ib_counter,rdma_vf_rail3,port_xmit_packets,0.0,
idle,ib_counter,rdma_vf_rail3,port_xmit_wait,0.0,
idle,ib_hw_counter,rdma_vf_rail0,duplicate_request,0.0,
idle,ib_hw_counter,rdma_vf_rail0,implied_nak_seq_err,0.0,
idle,ib_hw_counter,rdma_vf_rail0,local_ack_timeout_err,0.0,
idle,ib_hw_counter,rdma_vf_rail0,out_of_sequence,0.0,
idle,ib_hw_counter,rdma_vf_rail0,packet_seq_err,0.0,
idle,ib_hw_counter,rdma_vf_rail0,req_cqe_error,0.0,
idle,ib_hw_counter,rdma_vf_rail0,resp_cqe_error,0.0,
idle,ib_hw_counter,rdma_vf_rail0,rx_read_requests,0.0,
idle,ib_hw_counter,rdma_vf_rail0,rx_write_requests,0.0,
idle,ib_hw_counter,rdma_vf_rail1,duplicate_request,0.0,
idle,ib_hw_counter,rdma_vf_rail1,implied_nak_seq_err,0.0,
idle,ib_hw_counter,rdma_vf_rail1,local_ack_timeout_err,0.0,
idle,ib_hw_counter,rdma_vf_rail1,out_of_sequence,0.0,
idle,ib_hw_counter,rdma_vf_rail1,packet_seq_err,0.0,
idle,ib_hw_counter,rdma_vf_rail1,req_cqe_error,0.0,
idle,ib_hw_counter,rdma_vf_rail1,resp_cqe_error,0.0,
idle,ib_hw_counter,rdma_vf_rail1,rx_read_requests,0.0,
idle,ib_hw_counter,rdma_vf_rail1,rx_write_requests,0.0,
idle,ib_hw_counter,rdma_vf_rail2,duplicate_request,0.0,
idle,ib_hw_counter,rdma_vf_rail2,implied_nak_seq_err,0.0,
idle,ib_hw_counter,rdma_vf_rail2,local_ack_timeout_err,0.0,
idle,ib_hw_counter,rdma_vf_rail2,out_of_sequence,0.0,
idle,ib_hw_counter,rdma_vf_rail2,packet_seq_err,0.0,
idle,ib_hw_counter,rdma_vf_rail2,req_cqe_error,0.0,
idle,ib_hw_counter,rdma_vf_rail2,resp_cqe_error,0.0,
idle,ib_hw_counter,rdma_vf_rail2,rx_read_requests,0.0,
idle,ib_hw_counter,rdma_vf_rail2,rx_write_requests,0.0,
idle,ib_hw_counter,rdma_vf_rail3,duplicate_request,0.0,
idle,ib_hw_counter,rdma_vf_rail3,implied_nak_seq_err,0.0,
idle,ib_hw_counter,rdma_vf_rail3,local_ack_timeout_err,0.0,
idle,ib_hw_counter,rdma_vf_rail3,out_of_sequence,0.0,
idle,ib_hw_counter,rdma_vf_rail3,packet_seq_err,0.0,
idle,ib_hw_counter,rdma_vf_rail3,req_cqe_error,0.0,
idle,ib_hw_counter,rdma_vf_rail3,resp_cqe_error,0.0,
idle,ib_hw_counter,rdma_vf_rail3,rx_read_requests,0.0,
idle,ib_hw_counter,rdma_vf_rail3,rx_write_requests,0.0,
idle,nvlink,gpu0,nvlink_rx_bytes,0.0,0.0
idle,nvlink,gpu0,nvlink_tx_bytes,0.0,0.0
idle,nvlink,gpu1,nvlink_rx_bytes,0.0,0.0
idle,nvlink,gpu1,nvlink_tx_bytes,0.0,0.0
idle,nvlink,gpu2,nvlink_rx_bytes,0.0,0.0
idle,nvlink,gpu2,nvlink_tx_bytes,0.0,0.0
idle,nvlink,gpu3,nvlink_rx_bytes,0.0,0.0
idle,nvlink,gpu3,nvlink_tx_bytes,0.0,0.0
profile,dcgm,gpu0,dram_active,5e-06,
profile,dcgm,gpu0,gpu_util,0.0,
profile,dcgm,gpu0,nvlink_bandwidth_total,0.0,
profile,dcgm,gpu0,pcie_rx_bytes,131241.0,0.001049928
profile,dcgm,gpu0,pcie_tx_bytes,123546.0,0.000988368
profile,dcgm,gpu0,power_w,230.313,
profile,dcgm,gpu0,sm_active,2e-06,
profile,dcgm,gpu0,sm_clock_mhz,2070.0,
profile,dcgm,gpu0,tensor_active,0.0,
profile,dcgm,gpu1,dram_active,0.0,
profile,dcgm,gpu1,gpu_util,0.0,
profile,dcgm,gpu1,nvlink_bandwidth_total,0.0,
profile,dcgm,gpu1,pcie_rx_bytes,30224.0,0.000241792
profile,dcgm,gpu1,pcie_tx_bytes,24843.0,0.000198744
profile,dcgm,gpu1,power_w,226.567,
profile,dcgm,gpu1,sm_active,0.0,
profile,dcgm,gpu1,sm_clock_mhz,2070.0,
profile,dcgm,gpu1,tensor_active,0.0,
profile,dcgm,gpu2,dram_active,0.0,
profile,dcgm,gpu2,gpu_util,0.0,
profile,dcgm,gpu2,nvlink_bandwidth_total,0.0,
profile,dcgm,gpu2,pcie_rx_bytes,30110.0,0.00024088
profile,dcgm,gpu2,pcie_tx_bytes,24733.0,0.000197864
profile,dcgm,gpu2,power_w,222.742,
profile,dcgm,gpu2,sm_active,0.0,
profile,dcgm,gpu2,sm_clock_mhz,2070.0,
profile,dcgm,gpu2,tensor_active,0.0,
profile,dcgm,gpu3,dram_active,0.0,
profile,dcgm,gpu3,gpu_util,0.0,
profile,dcgm,gpu3,nvlink_bandwidth_total,0.0,
profile,dcgm,gpu3,pcie_rx_bytes,28861.0,0.000230888
profile,dcgm,gpu3,pcie_tx_bytes,23462.0,0.000187696
profile,dcgm,gpu3,power_w,227.026,
profile,dcgm,gpu3,sm_active,0.0,
profile,dcgm,gpu3,sm_clock_mhz,2070.0,
profile,dcgm,gpu3,tensor_active,0.0,
profile,ib_counter,rdma_vf_rail0,link_downed,0.0,
profile,ib_counter,rdma_vf_rail0,port_rcv_data,0.0,0.0
profile,ib_counter,rdma_vf_rail0,port_rcv_errors,0.0,
profile,ib_counter,rdma_vf_rail0,port_rcv_packets,0.0,
profile,ib_counter,rdma_vf_rail0,port_xmit_data,0.0,0.0
profile,ib_counter,rdma_vf_rail0,port_xmit_discards,0.0,
profile,ib_counter,rdma_vf_rail0,port_xmit_packets,0.0,
profile,ib_counter,rdma_vf_rail0,port_xmit_wait,0.0,
profile,ib_counter,rdma_vf_rail1,link_downed,0.0,
profile,ib_counter,rdma_vf_rail1,port_rcv_data,0.0,0.0
profile,ib_counter,rdma_vf_rail1,port_rcv_errors,0.0,
profile,ib_counter,rdma_vf_rail1,port_rcv_packets,0.0,
profile,ib_counter,rdma_vf_rail1,port_xmit_data,0.0,0.0
profile,ib_counter,rdma_vf_rail1,port_xmit_discards,0.0,
profile,ib_counter,rdma_vf_rail1,port_xmit_packets,0.0,
profile,ib_counter,rdma_vf_rail1,port_xmit_wait,0.0,
profile,ib_counter,rdma_vf_rail2,link_downed,0.0,
profile,ib_counter,rdma_vf_rail2,port_rcv_data,0.0,0.0
profile,ib_counter,rdma_vf_rail2,port_rcv_errors,0.0,
profile,ib_counter,rdma_vf_rail2,port_rcv_packets,0.0,
profile,ib_counter,rdma_vf_rail2,port_xmit_data,0.0,0.0
profile,ib_counter,rdma_vf_rail2,port_xmit_discards,0.0,
profile,ib_counter,rdma_vf_rail2,port_xmit_packets,0.0,
profile,ib_counter,rdma_vf_rail2,port_xmit_wait,0.0,
profile,ib_counter,rdma_vf_rail3,link_downed,0.0,
profile,ib_counter,rdma_vf_rail3,port_rcv_data,0.0,0.0
profile,ib_counter,rdma_vf_rail3,port_rcv_errors,0.0,
profile,ib_counter,rdma_vf_rail3,port_rcv_packets,0.0,
profile,ib_counter,rdma_vf_rail3,port_xmit_data,0.0,0.0
profile,ib_counter,rdma_vf_rail3,port_xmit_discards,0.0,
profile,ib_counter,rdma_vf_rail3,port_xmit_packets,0.0,
profile,ib_counter,rdma_vf_rail3,port_xmit_wait,0.0,
profile,ib_hw_counter,rdma_vf_rail0,duplicate_request,0.0,
profile,ib_hw_counter,rdma_vf_rail0,implied_nak_seq_err,0.0,
profile,ib_hw_counter,rdma_vf_rail0,local_ack_timeout_err,0.0,
profile,ib_hw_counter,rdma_vf_rail0,out_of_sequence,0.0,
profile,ib_hw_counter,rdma_vf_rail0,packet_seq_err,0.0,
profile,ib_hw_counter,rdma_vf_rail0,req_cqe_error,0.0,
profile,ib_hw_counter,rdma_vf_rail0,resp_cqe_error,0.0,
profile,ib_hw_counter,rdma_vf_rail0,rx_read_requests,0.0,
profile,ib_hw_counter,rdma_vf_rail0,rx_write_requests,0.0,
profile,ib_hw_counter,rdma_vf_rail1,duplicate_request,0.0,
profile,ib_hw_counter,rdma_vf_rail1,implied_nak_seq_err,0.0,
profile,ib_hw_counter,rdma_vf_rail1,local_ack_timeout_err,0.0,
profile,ib_hw_counter,rdma_vf_rail1,out_of_sequence,0.0,
profile,ib_hw_counter,rdma_vf_rail1,packet_seq_err,0.0,
profile,ib_hw_counter,rdma_vf_rail1,req_cqe_error,0.0,
profile,ib_hw_counter,rdma_vf_rail1,resp_cqe_error,0.0,
profile,ib_hw_counter,rdma_vf_rail1,rx_read_requests,0.0,
profile,ib_hw_counter,rdma_vf_rail1,rx_write_requests,0.0,
profile,ib_hw_counter,rdma_vf_rail2,duplicate_request,0.0,
profile,ib_hw_counter,rdma_vf_rail2,implied_nak_seq_err,0.0,
profile,ib_hw_counter,rdma_vf_rail2,local_ack_timeout_err,0.0,
profile,ib_hw_counter,rdma_vf_rail2,out_of_sequence,0.0,
profile,ib_hw_counter,rdma_vf_rail2,packet_seq_err,0.0,
profile,ib_hw_counter,rdma_vf_rail2,req_cqe_error,0.0,
profile,ib_hw_counter,rdma_vf_rail2,resp_cqe_error,0.0,
profile,ib_hw_counter,rdma_vf_rail2,rx_read_requests,0.0,
profile,ib_hw_counter,rdma_vf_rail2,rx_write_requests,0.0,
profile,ib_hw_counter,rdma_vf_rail3,duplicate_request,0.0,
profile,ib_hw_counter,rdma_vf_rail3,implied_nak_seq_err,0.0,
profile,ib_hw_counter,rdma_vf_rail3,local_ack_timeout_err,0.0,
profile,ib_hw_counter,rdma_vf_rail3,out_of_sequence,0.0,
profile,ib_hw_counter,rdma_vf_rail3,packet_seq_err,0.0,
profile,ib_hw_counter,rdma_vf_rail3,req_cqe_error,0.0,
profile,ib_hw_counter,rdma_vf_rail3,resp_cqe_error,0.0,
profile,ib_hw_counter,rdma_vf_rail3,rx_read_requests,0.0,
profile,ib_hw_counter,rdma_vf_rail3,rx_write_requests,0.0,
profile,nvlink,gpu0,nvlink_rx_bytes,0.0,0.0
profile,nvlink,gpu0,nvlink_tx_bytes,0.0,0.0
profile,nvlink,gpu1,nvlink_rx_bytes,0.0,0.0
profile,nvlink,gpu1,nvlink_tx_bytes,0.0,0.0
profile,nvlink,gpu2,nvlink_rx_bytes,0.0,0.0
profile,nvlink,gpu2,nvlink_tx_bytes,0.0,0.0
profile,nvlink,gpu3,nvlink_rx_bytes,0.0,0.0
profile,nvlink,gpu3,nvlink_tx_bytes,0.0,0.0
train,dcgm,gpu0,dram_active,2.5e-06,
train,dcgm,gpu0,gpu_util,0.0,
train,dcgm,gpu0,nvlink_bandwidth_total,0.0,
train,dcgm,gpu0,pcie_rx_bytes,99255.5,0.000794044
train,dcgm,gpu0,pcie_tx_bytes,94203.5,0.000753628
train,dcgm,gpu0,power_w,228.35899999999998,
train,dcgm,gpu0,sm_active,1e-06,
train,dcgm,gpu0,sm_clock_mhz,2070.0,
train,dcgm,gpu0,tensor_active,0.0,
train,dcgm,gpu1,dram_active,0.0,
train,dcgm,gpu1,gpu_util,0.0,
train,dcgm,gpu1,nvlink_bandwidth_total,0.0,
train,dcgm,gpu1,pcie_rx_bytes,47503.0,0.000380024
train,dcgm,gpu1,pcie_tx_bytes,43594.5,0.000348756
train,dcgm,gpu1,power_w,228.287,
train,dcgm,gpu1,sm_active,0.0,
train,dcgm,gpu1,sm_clock_mhz,2070.0,
train,dcgm,gpu1,tensor_active,0.0,
train,dcgm,gpu2,dram_active,0.0,
train,dcgm,gpu2,gpu_util,0.0,
train,dcgm,gpu2,nvlink_bandwidth_total,0.0,
train,dcgm,gpu2,pcie_rx_bytes,42796.0,0.000342368
train,dcgm,gpu2,pcie_tx_bytes,38899.0,0.000311192
train,dcgm,gpu2,power_w,226.8435,
train,dcgm,gpu2,sm_active,0.0,
train,dcgm,gpu2,sm_clock_mhz,2070.0,
train,dcgm,gpu2,tensor_active,0.0,
train,dcgm,gpu3,dram_active,0.0,
train,dcgm,gpu3,gpu_util,0.0,
train,dcgm,gpu3,nvlink_bandwidth_total,0.0,
train,dcgm,gpu3,pcie_rx_bytes,45893.5,0.000367148
train,dcgm,gpu3,pcie_tx_bytes,41997.5,0.00033598
train,dcgm,gpu3,power_w,230.7495,
train,dcgm,gpu3,sm_active,0.0,
train,dcgm,gpu3,sm_clock_mhz,2070.0,
train,dcgm,gpu3,tensor_active,0.0,
train,ib_counter,rdma_vf_rail0,link_downed,0.0,
train,ib_counter,rdma_vf_rail0,port_rcv_data,0.0,0.0
train,ib_counter,rdma_vf_rail0,port_rcv_errors,0.0,
train,ib_counter,rdma_vf_rail0,port_rcv_packets,0.0,
train,ib_counter,rdma_vf_rail0,port_xmit_data,0.0,0.0
train,ib_counter,rdma_vf_rail0,port_xmit_discards,0.0,
train,ib_counter,rdma_vf_rail0,port_xmit_packets,0.0,
train,ib_counter,rdma_vf_rail0,port_xmit_wait,0.0,
train,ib_counter,rdma_vf_rail1,link_downed,0.0,
train,ib_counter,rdma_vf_rail1,port_rcv_data,0.0,0.0
train,ib_counter,rdma_vf_rail1,port_rcv_errors,0.0,
train,ib_counter,rdma_vf_rail1,port_rcv_packets,0.0,
train,ib_counter,rdma_vf_rail1,port_xmit_data,0.0,0.0
train,ib_counter,rdma_vf_rail1,port_xmit_discards,0.0,
train,ib_counter,rdma_vf_rail1,port_xmit_packets,0.0,
train,ib_counter,rdma_vf_rail1,port_xmit_wait,0.0,
train,ib_counter,rdma_vf_rail2,link_downed,0.0,
train,ib_counter,rdma_vf_rail2,port_rcv_data,0.0,0.0
train,ib_counter,rdma_vf_rail2,port_rcv_errors,0.0,
train,ib_counter,rdma_vf_rail2,port_rcv_packets,0.0,
train,ib_counter,rdma_vf_rail2,port_xmit_data,0.0,0.0
train,ib_counter,rdma_vf_rail2,port_xmit_discards,0.0,
train,ib_counter,rdma_vf_rail2,port_xmit_packets,0.0,
train,ib_counter,rdma_vf_rail2,port_xmit_wait,0.0,
train,ib_counter,rdma_vf_rail3,link_downed,0.0,
train,ib_counter,rdma_vf_rail3,port_rcv_data,0.0,0.0
train,ib_counter,rdma_vf_rail3,port_rcv_errors,0.0,
train,ib_counter,rdma_vf_rail3,port_rcv_packets,0.0,
train,ib_counter,rdma_vf_rail3,port_xmit_data,0.0,0.0
train,ib_counter,rdma_vf_rail3,port_xmit_discards,0.0,
train,ib_counter,rdma_vf_rail3,port_xmit_packets,0.0,
train,ib_counter,rdma_vf_rail3,port_xmit_wait,0.0,
train,ib_hw_counter,rdma_vf_rail0,duplicate_request,0.0,
train,ib_hw_counter,rdma_vf_rail0,implied_nak_seq_err,0.0,
train,ib_hw_counter,rdma_vf_rail0,local_ack_timeout_err,0.0,
train,ib_hw_counter,rdma_vf_rail0,out_of_sequence,0.0,
train,ib_hw_counter,rdma_vf_rail0,packet_seq_err,0.0,
train,ib_hw_counter,rdma_vf_rail0,req_cqe_error,0.0,
train,ib_hw_counter,rdma_vf_rail0,resp_cqe_error,0.0,
train,ib_hw_counter,rdma_vf_rail0,rx_read_requests,0.0,
train,ib_hw_counter,rdma_vf_rail0,rx_write_requests,0.0,
train,ib_hw_counter,rdma_vf_rail1,duplicate_request,0.0,
train,ib_hw_counter,rdma_vf_rail1,implied_nak_seq_err,0.0,
train,ib_hw_counter,rdma_vf_rail1,local_ack_timeout_err,0.0,
train,ib_hw_counter,rdma_vf_rail1,out_of_sequence,0.0,
train,ib_hw_counter,rdma_vf_rail1,packet_seq_err,0.0,
train,ib_hw_counter,rdma_vf_rail1,req_cqe_error,0.0,
train,ib_hw_counter,rdma_vf_rail1,resp_cqe_error,0.0,
train,ib_hw_counter,rdma_vf_rail1,rx_read_requests,0.0,
train,ib_hw_counter,rdma_vf_rail1,rx_write_requests,0.0,
train,ib_hw_counter,rdma_vf_rail2,duplicate_request,0.0,
train,ib_hw_counter,rdma_vf_rail2,implied_nak_seq_err,0.0,
train,ib_hw_counter,rdma_vf_rail2,local_ack_timeout_err,0.0,
train,ib_hw_counter,rdma_vf_rail2,out_of_sequence,0.0,
train,ib_hw_counter,rdma_vf_rail2,packet_seq_err,0.0,
train,ib_hw_counter,rdma_vf_rail2,req_cqe_error,0.0,
train,ib_hw_counter,rdma_vf_rail2,resp_cqe_error,0.0,
train,ib_hw_counter,rdma_vf_rail2,rx_read_requests,0.0,
train,ib_hw_counter,rdma_vf_rail2,rx_write_requests,0.0,
train,ib_hw_counter,rdma_vf_rail3,duplicate_request,0.0,
train,ib_hw_counter,rdma_vf_rail3,implied_nak_seq_err,0.0,
train,ib_hw_counter,rdma_vf_rail3,local_ack_timeout_err,0.0,
train,ib_hw_counter,rdma_vf_rail3,out_of_sequence,0.0,
train,ib_hw_counter,rdma_vf_rail3,packet_seq_err,0.0,
train,ib_hw_counter,rdma_vf_rail3,req_cqe_error,0.0,
train,ib_hw_counter,rdma_vf_rail3,resp_cqe_error,0.0,
train,ib_hw_counter,rdma_vf_rail3,rx_read_requests,0.0,
train,ib_hw_counter,rdma_vf_rail3,rx_write_requests,0.0,
train,nvlink,gpu0,nvlink_rx_bytes,0.0,0.0
train,nvlink,gpu0,nvlink_tx_bytes,0.0,0.0
train,nvlink,gpu1,nvlink_rx_bytes,0.0,0.0
train,nvlink,gpu1,nvlink_tx_bytes,0.0,0.0
train,nvlink,gpu2,nvlink_rx_bytes,0.0,0.0
train,nvlink,gpu2,nvlink_tx_bytes,0.0,0.0
train,nvlink,gpu3,nvlink_rx_bytes,0.0,0.0
train,nvlink,gpu3,nvlink_tx_bytes,0.0,0.0
warmup,dcgm,gpu0,dram_active,1.1111111111111112e-06,
warmup,dcgm,gpu0,gpu_util,0.0,
warmup,dcgm,gpu0,nvlink_bandwidth_total,0.0,
warmup,dcgm,gpu0,pcie_rx_bytes,82028.75,0.00065623
warmup,dcgm,gpu0,pcie_tx_bytes,78297.75,0.000626382
warmup,dcgm,gpu0,power_w,228.34483333333336,
warmup,dcgm,gpu0,sm_active,5e-07,
warmup,dcgm,gpu0,sm_clock_mhz,2070.0,
warmup,dcgm,gpu0,tensor_active,0.0,
warmup,dcgm,gpu1,dram_active,0.0,
warmup,dcgm,gpu1,gpu_util,0.0,
warmup,dcgm,gpu1,nvlink_bandwidth_total,0.0,
warmup,dcgm,gpu1,pcie_rx_bytes,56649.38888888889,0.00045319511111111113
warmup,dcgm,gpu1,pcie_tx_bytes,52573.5,0.000420588
warmup,dcgm,gpu1,power_w,228.2742222222222,
warmup,dcgm,gpu1,sm_active,0.0,
warmup,dcgm,gpu1,sm_clock_mhz,2070.0,
warmup,dcgm,gpu1,tensor_active,0.0,
warmup,dcgm,gpu2,dram_active,0.0,
warmup,dcgm,gpu2,gpu_util,0.0,
warmup,dcgm,gpu2,nvlink_bandwidth_total,0.0,
warmup,dcgm,gpu2,pcie_rx_bytes,51766.27777777778,0.00041413022222222225
warmup,dcgm,gpu2,pcie_tx_bytes,48698.166666666664,0.00038958533333333334
warmup,dcgm,gpu2,power_w,226.88627777777776,
warmup,dcgm,gpu2,sm_active,0.0,
warmup,dcgm,gpu2,sm_clock_mhz,2070.0,
warmup,dcgm,gpu2,tensor_active,0.0,
warmup,dcgm,gpu3,dram_active,0.0,
warmup,dcgm,gpu3,gpu_util,0.0,
warmup,dcgm,gpu3,nvlink_bandwidth_total,0.0,
warmup,dcgm,gpu3,pcie_rx_bytes,53754.88888888889,0.00043003911111111115
warmup,dcgm,gpu3,pcie_tx_bytes,50698.61111111111,0.0004055888888888889
warmup,dcgm,gpu3,power_w,230.75075,
warmup,dcgm,gpu3,sm_active,0.0,
warmup,dcgm,gpu3,sm_clock_mhz,2070.0,
warmup,dcgm,gpu3,tensor_active,0.0,
warmup,ib_counter,rdma_vf_rail0,link_downed,0.0,
warmup,ib_counter,rdma_vf_rail0,port_rcv_data,0.0,0.0
warmup,ib_counter,rdma_vf_rail0,port_rcv_errors,0.0,
warmup,ib_counter,rdma_vf_rail0,port_rcv_packets,0.0,
warmup,ib_counter,rdma_vf_rail0,port_xmit_data,0.0,0.0
warmup,ib_counter,rdma_vf_rail0,port_xmit_discards,0.0,
warmup,ib_counter,rdma_vf_rail0,port_xmit_packets,0.0,
warmup,ib_counter,rdma_vf_rail0,port_xmit_wait,0.0,
warmup,ib_counter,rdma_vf_rail1,link_downed,0.0,
warmup,ib_counter,rdma_vf_rail1,port_rcv_data,0.0,0.0
warmup,ib_counter,rdma_vf_rail1,port_rcv_errors,0.0,
warmup,ib_counter,rdma_vf_rail1,port_rcv_packets,0.0,
warmup,ib_counter,rdma_vf_rail1,port_xmit_data,0.0,0.0
warmup,ib_counter,rdma_vf_rail1,port_xmit_discards,0.0,
warmup,ib_counter,rdma_vf_rail1,port_xmit_packets,0.0,
warmup,ib_counter,rdma_vf_rail1,port_xmit_wait,0.0,
warmup,ib_counter,rdma_vf_rail2,link_downed,0.0,
warmup,ib_counter,rdma_vf_rail2,port_rcv_data,0.0,0.0
warmup,ib_counter,rdma_vf_rail2,port_rcv_errors,0.0,
warmup,ib_counter,rdma_vf_rail2,port_rcv_packets,0.0,
warmup,ib_counter,rdma_vf_rail2,port_xmit_data,0.0,0.0
warmup,ib_counter,rdma_vf_rail2,port_xmit_discards,0.0,
warmup,ib_counter,rdma_vf_rail2,port_xmit_packets,0.0,
warmup,ib_counter,rdma_vf_rail2,port_xmit_wait,0.0,
warmup,ib_counter,rdma_vf_rail3,link_downed,0.0,
warmup,ib_counter,rdma_vf_rail3,port_rcv_data,0.0,0.0
warmup,ib_counter,rdma_vf_rail3,port_rcv_errors,0.0,
warmup,ib_counter,rdma_vf_rail3,port_rcv_packets,0.0,
warmup,ib_counter,rdma_vf_rail3,port_xmit_data,0.0,0.0
warmup,ib_counter,rdma_vf_rail3,port_xmit_discards,0.0,
warmup,ib_counter,rdma_vf_rail3,port_xmit_packets,0.0,
warmup,ib_counter,rdma_vf_rail3,port_xmit_wait,0.0,
warmup,ib_hw_counter,rdma_vf_rail0,duplicate_request,0.0,
warmup,ib_hw_counter,rdma_vf_rail0,implied_nak_seq_err,0.0,
warmup,ib_hw_counter,rdma_vf_rail0,local_ack_timeout_err,0.0,
warmup,ib_hw_counter,rdma_vf_rail0,out_of_sequence,0.0,
warmup,ib_hw_counter,rdma_vf_rail0,packet_seq_err,0.0,
warmup,ib_hw_counter,rdma_vf_rail0,req_cqe_error,0.0,
warmup,ib_hw_counter,rdma_vf_rail0,resp_cqe_error,0.0,
warmup,ib_hw_counter,rdma_vf_rail0,rx_read_requests,0.0,
warmup,ib_hw_counter,rdma_vf_rail0,rx_write_requests,0.0,
warmup,ib_hw_counter,rdma_vf_rail1,duplicate_request,0.0,
warmup,ib_hw_counter,rdma_vf_rail1,implied_nak_seq_err,0.0,
warmup,ib_hw_counter,rdma_vf_rail1,local_ack_timeout_err,0.0,
warmup,ib_hw_counter,rdma_vf_rail1,out_of_sequence,0.0,
warmup,ib_hw_counter,rdma_vf_rail1,packet_seq_err,0.0,
warmup,ib_hw_counter,rdma_vf_rail1,req_cqe_error,0.0,
warmup,ib_hw_counter,rdma_vf_rail1,resp_cqe_error,0.0,
warmup,ib_hw_counter,rdma_vf_rail1,rx_read_requests,0.0,
warmup,ib_hw_counter,rdma_vf_rail1,rx_write_requests,0.0,
warmup,ib_hw_counter,rdma_vf_rail2,duplicate_request,0.0,
warmup,ib_hw_counter,rdma_vf_rail2,implied_nak_seq_err,0.0,
warmup,ib_hw_counter,rdma_vf_rail2,local_ack_timeout_err,0.0,
warmup,ib_hw_counter,rdma_vf_rail2,out_of_sequence,0.0,
warmup,ib_hw_counter,rdma_vf_rail2,packet_seq_err,0.0,
warmup,ib_hw_counter,rdma_vf_rail2,req_cqe_error,0.0,
warmup,ib_hw_counter,rdma_vf_rail2,resp_cqe_error,0.0,
warmup,ib_hw_counter,rdma_vf_rail2,rx_read_requests,0.0,
warmup,ib_hw_counter,rdma_vf_rail2,rx_write_requests,0.0,
warmup,ib_hw_counter,rdma_vf_rail3,duplicate_request,0.0,
warmup,ib_hw_counter,rdma_vf_rail3,implied_nak_seq_err,0.0,
warmup,ib_hw_counter,rdma_vf_rail3,local_ack_timeout_err,0.0,
warmup,ib_hw_counter,rdma_vf_rail3,out_of_sequence,0.0,
warmup,ib_hw_counter,rdma_vf_rail3,packet_seq_err,0.0,
warmup,ib_hw_counter,rdma_vf_rail3,req_cqe_error,0.0,
warmup,ib_hw_counter,rdma_vf_rail3,resp_cqe_error,0.0,
warmup,ib_hw_counter,rdma_vf_rail3,rx_read_requests,0.0,
warmup,ib_hw_counter,rdma_vf_rail3,rx_write_requests,0.0,
warmup,nvlink,gpu0,nvlink_rx_bytes,0.0,0.0
warmup,nvlink,gpu0,nvlink_tx_bytes,0.0,0.0
warmup,nvlink,gpu1,nvlink_rx_bytes,0.0,0.0
warmup,nvlink,gpu1,nvlink_tx_bytes,0.0,0.0
warmup,nvlink,gpu2,nvlink_rx_bytes,0.0,0.0
warmup,nvlink,gpu2,nvlink_tx_bytes,0.0,0.0
warmup,nvlink,gpu3,nvlink_rx_bytes,0.0,0.0
warmup,nvlink,gpu3,nvlink_tx_bytes,0.0,0.0
