phase,node,source,device,metric,rate_per_s,gbps
idle,gpu-3uwoq-6g3ya-1,dcgm,gpu0,dram_active,1.4347826086956523e-06,
idle,gpu-3uwoq-6g3ya-1,dcgm,gpu0,gpu_util,0.0,
idle,gpu-3uwoq-6g3ya-1,dcgm,gpu0,nvlink_bandwidth_total,39.21739130434783,
idle,gpu-3uwoq-6g3ya-1,dcgm,gpu0,pcie_rx_bytes,156068.91304347827,0.0012485513043478261
idle,gpu-3uwoq-6g3ya-1,dcgm,gpu0,pcie_tx_bytes,144958.26086956522,0.0011596660869565218
idle,gpu-3uwoq-6g3ya-1,dcgm,gpu0,power_w,230.11230434782607,
idle,gpu-3uwoq-6g3ya-1,dcgm,gpu0,sm_active,0.0,
idle,gpu-3uwoq-6g3ya-1,dcgm,gpu0,sm_clock_mhz,2070.0,
idle,gpu-3uwoq-6g3ya-1,dcgm,gpu0,tensor_active,0.0,
idle,gpu-3uwoq-6g3ya-1,dcgm,gpu1,dram_active,1.4347826086956523e-06,
idle,gpu-3uwoq-6g3ya-1,dcgm,gpu1,gpu_util,0.0,
idle,gpu-3uwoq-6g3ya-1,dcgm,gpu1,nvlink_bandwidth_total,39.21739130434783,
idle,gpu-3uwoq-6g3ya-1,dcgm,gpu1,pcie_rx_bytes,149305.91304347827,0.0011944473043478262
idle,gpu-3uwoq-6g3ya-1,dcgm,gpu1,pcie_tx_bytes,138443.04347826086,0.001107544347826087
idle,gpu-3uwoq-6g3ya-1,dcgm,gpu1,power_w,226.57652173913044,
idle,gpu-3uwoq-6g3ya-1,dcgm,gpu1,sm_active,0.0,
idle,gpu-3uwoq-6g3ya-1,dcgm,gpu1,sm_clock_mhz,2070.0,
idle,gpu-3uwoq-6g3ya-1,dcgm,gpu1,tensor_active,0.0,
idle,gpu-3uwoq-6g3ya-1,dcgm,gpu2,dram_active,1.4999999999999998e-06,
idle,gpu-3uwoq-6g3ya-1,dcgm,gpu2,gpu_util,0.0,
idle,gpu-3uwoq-6g3ya-1,dcgm,gpu2,nvlink_bandwidth_total,39.21739130434783,
idle,gpu-3uwoq-6g3ya-1,dcgm,gpu2,pcie_rx_bytes,133939.78260869565,0.0010715182608695651
idle,gpu-3uwoq-6g3ya-1,dcgm,gpu2,pcie_tx_bytes,122980.73913043478,0.0009838459130434782
idle,gpu-3uwoq-6g3ya-1,dcgm,gpu2,power_w,222.817,
idle,gpu-3uwoq-6g3ya-1,dcgm,gpu2,sm_active,0.0,
idle,gpu-3uwoq-6g3ya-1,dcgm,gpu2,sm_clock_mhz,2070.0,
idle,gpu-3uwoq-6g3ya-1,dcgm,gpu2,tensor_active,0.0,
idle,gpu-3uwoq-6g3ya-1,dcgm,gpu3,dram_active,1.4347826086956523e-06,
idle,gpu-3uwoq-6g3ya-1,dcgm,gpu3,gpu_util,0.0,
idle,gpu-3uwoq-6g3ya-1,dcgm,gpu3,nvlink_bandwidth_total,0.0,
idle,gpu-3uwoq-6g3ya-1,dcgm,gpu3,pcie_rx_bytes,125813.02173913043,0.0010065041739130436
idle,gpu-3uwoq-6g3ya-1,dcgm,gpu3,pcie_tx_bytes,115296.02173913043,0.0009223681739130435
idle,gpu-3uwoq-6g3ya-1,dcgm,gpu3,power_w,227.026,
idle,gpu-3uwoq-6g3ya-1,dcgm,gpu3,sm_active,0.0,
idle,gpu-3uwoq-6g3ya-1,dcgm,gpu3,sm_clock_mhz,2070.0,
idle,gpu-3uwoq-6g3ya-1,dcgm,gpu3,tensor_active,0.0,
idle,gpu-3uwoq-6g3ya-1,ib_counter,rdma_vf_rail0,link_downed,0.0,
idle,gpu-3uwoq-6g3ya-1,ib_counter,rdma_vf_rail0,port_rcv_data,300666666.6666667,2.4053333333333335
idle,gpu-3uwoq-6g3ya-1,ib_counter,rdma_vf_rail0,port_rcv_errors,0.0,
idle,gpu-3uwoq-6g3ya-1,ib_counter,rdma_vf_rail0,port_rcv_packets,104400.0,
idle,gpu-3uwoq-6g3ya-1,ib_counter,rdma_vf_rail0,port_xmit_data,299777777.7777778,2.3982222222222225
idle,gpu-3uwoq-6g3ya-1,ib_counter,rdma_vf_rail0,port_xmit_discards,0.0,
idle,gpu-3uwoq-6g3ya-1,ib_counter,rdma_vf_rail0,port_xmit_packets,96000.0,
idle,gpu-3uwoq-6g3ya-1,ib_counter,rdma_vf_rail0,port_xmit_wait,0.0,
idle,gpu-3uwoq-6g3ya-1,ib_counter,rdma_vf_rail1,link_downed,0.0,
idle,gpu-3uwoq-6g3ya-1,ib_counter,rdma_vf_rail1,port_rcv_data,300666666.6666667,2.4053333333333335
idle,gpu-3uwoq-6g3ya-1,ib_counter,rdma_vf_rail1,port_rcv_errors,0.0,
idle,gpu-3uwoq-6g3ya-1,ib_counter,rdma_vf_rail1,port_rcv_packets,104488.88888888889,
idle,gpu-3uwoq-6g3ya-1,ib_counter,rdma_vf_rail1,port_xmit_data,299777777.7777778,2.3982222222222225
idle,gpu-3uwoq-6g3ya-1,ib_counter,rdma_vf_rail1,port_xmit_discards,0.0,
idle,gpu-3uwoq-6g3ya-1,ib_counter,rdma_vf_rail1,port_xmit_packets,96000.0,
idle,gpu-3uwoq-6g3ya-1,ib_counter,rdma_vf_rail1,port_xmit_wait,0.0,
idle,gpu-3uwoq-6g3ya-1,ib_counter,rdma_vf_rail2,link_downed,0.0,
idle,gpu-3uwoq-6g3ya-1,ib_counter,rdma_vf_rail2,port_rcv_data,300666666.6666667,2.4053333333333335
idle,gpu-3uwoq-6g3ya-1,ib_counter,rdma_vf_rail2,port_rcv_errors,0.0,
idle,gpu-3uwoq-6g3ya-1,ib_counter,rdma_vf_rail2,port_rcv_packets,104866.66666666667,
idle,gpu-3uwoq-6g3ya-1,ib_counter,rdma_vf_rail2,port_xmit_data,299777777.7777778,2.3982222222222225
idle,gpu-3uwoq-6g3ya-1,ib_counter,rdma_vf_rail2,port_xmit_discards,0.0,
idle,gpu-3uwoq-6g3ya-1,ib_counter,rdma_vf_rail2,port_xmit_packets,96222.22222222222,
idle,gpu-3uwoq-6g3ya-1,ib_counter,rdma_vf_rail2,port_xmit_wait,0.0,
idle,gpu-3uwoq-6g3ya-1,ib_counter,rdma_vf_rail3,link_downed,0.0,
idle,gpu-3uwoq-6g3ya-1,ib_counter,rdma_vf_rail3,port_rcv_data,300888888.8888889,2.407111111111111
idle,gpu-3uwoq-6g3ya-1,ib_counter,rdma_vf_rail3,port_rcv_errors,0.0,
idle,gpu-3uwoq-6g3ya-1,ib_counter,rdma_vf_rail3,port_rcv_packets,104911.11111111111,
idle,gpu-3uwoq-6g3ya-1,ib_counter,rdma_vf_rail3,port_xmit_data,299777777.7777778,2.3982222222222225
idle,gpu-3uwoq-6g3ya-1,ib_counter,rdma_vf_rail3,port_xmit_discards,0.0,
idle,gpu-3uwoq-6g3ya-1,ib_counter,rdma_vf_rail3,port_xmit_packets,96000.0,
idle,gpu-3uwoq-6g3ya-1,ib_counter,rdma_vf_rail3,port_xmit_wait,0.0,
idle,gpu-3uwoq-6g3ya-1,ib_hw_counter,rdma_vf_rail0,duplicate_request,0.0,
idle,gpu-3uwoq-6g3ya-1,ib_hw_counter,rdma_vf_rail0,implied_nak_seq_err,0.0,
idle,gpu-3uwoq-6g3ya-1,ib_hw_counter,rdma_vf_rail0,local_ack_timeout_err,0.0,
idle,gpu-3uwoq-6g3ya-1,ib_hw_counter,rdma_vf_rail0,out_of_sequence,0.0,
idle,gpu-3uwoq-6g3ya-1,ib_hw_counter,rdma_vf_rail0,packet_seq_err,0.0,
idle,gpu-3uwoq-6g3ya-1,ib_hw_counter,rdma_vf_rail0,req_cqe_error,0.0,
idle,gpu-3uwoq-6g3ya-1,ib_hw_counter,rdma_vf_rail0,resp_cqe_error,0.0,
idle,gpu-3uwoq-6g3ya-1,ib_hw_counter,rdma_vf_rail0,rx_read_requests,2309.5555555555557,
idle,gpu-3uwoq-6g3ya-1,ib_hw_counter,rdma_vf_rail0,rx_write_requests,11533.333333333334,
idle,gpu-3uwoq-6g3ya-1,ib_hw_counter,rdma_vf_rail1,duplicate_request,0.0,
idle,gpu-3uwoq-6g3ya-1,ib_hw_counter,rdma_vf_rail1,implied_nak_seq_err,0.0,
idle,gpu-3uwoq-6g3ya-1,ib_hw_counter,rdma_vf_rail1,local_ack_timeout_err,0.0,
idle,gpu-3uwoq-6g3ya-1,ib_hw_counter,rdma_vf_rail1,out_of_sequence,0.0,
idle,gpu-3uwoq-6g3ya-1,ib_hw_counter,rdma_vf_rail1,packet_seq_err,0.0,
idle,gpu-3uwoq-6g3ya-1,ib_hw_counter,rdma_vf_rail1,req_cqe_error,0.0,
idle,gpu-3uwoq-6g3ya-1,ib_hw_counter,rdma_vf_rail1,resp_cqe_error,0.0,
idle,gpu-3uwoq-6g3ya-1,ib_hw_counter,rdma_vf_rail1,rx_read_requests,2309.777777777778,
idle,gpu-3uwoq-6g3ya-1,ib_hw_counter,rdma_vf_rail1,rx_write_requests,11555.555555555555,
idle,gpu-3uwoq-6g3ya-1,ib_hw_counter,rdma_vf_rail2,duplicate_request,0.0,
idle,gpu-3uwoq-6g3ya-1,ib_hw_counter,rdma_vf_rail2,implied_nak_seq_err,0.0,
idle,gpu-3uwoq-6g3ya-1,ib_hw_counter,rdma_vf_rail2,local_ack_timeout_err,0.0,
idle,gpu-3uwoq-6g3ya-1,ib_hw_counter,rdma_vf_rail2,out_of_sequence,0.0,
idle,gpu-3uwoq-6g3ya-1,ib_hw_counter,rdma_vf_rail2,packet_seq_err,0.0,
idle,gpu-3uwoq-6g3ya-1,ib_hw_counter,rdma_vf_rail2,req_cqe_error,0.0,
idle,gpu-3uwoq-6g3ya-1,ib_hw_counter,rdma_vf_rail2,resp_cqe_error,0.0,
idle,gpu-3uwoq-6g3ya-1,ib_hw_counter,rdma_vf_rail2,rx_read_requests,2309.5555555555557,
idle,gpu-3uwoq-6g3ya-1,ib_hw_counter,rdma_vf_rail2,rx_write_requests,11555.555555555555,
idle,gpu-3uwoq-6g3ya-1,ib_hw_counter,rdma_vf_rail3,duplicate_request,0.0,
idle,gpu-3uwoq-6g3ya-1,ib_hw_counter,rdma_vf_rail3,implied_nak_seq_err,0.0,
idle,gpu-3uwoq-6g3ya-1,ib_hw_counter,rdma_vf_rail3,local_ack_timeout_err,0.0,
idle,gpu-3uwoq-6g3ya-1,ib_hw_counter,rdma_vf_rail3,out_of_sequence,0.0,
idle,gpu-3uwoq-6g3ya-1,ib_hw_counter,rdma_vf_rail3,packet_seq_err,0.0,
idle,gpu-3uwoq-6g3ya-1,ib_hw_counter,rdma_vf_rail3,req_cqe_error,0.0,
idle,gpu-3uwoq-6g3ya-1,ib_hw_counter,rdma_vf_rail3,resp_cqe_error,0.0,
idle,gpu-3uwoq-6g3ya-1,ib_hw_counter,rdma_vf_rail3,rx_read_requests,2309.5555555555557,
idle,gpu-3uwoq-6g3ya-1,ib_hw_counter,rdma_vf_rail3,rx_write_requests,11555.555555555555,
idle,gpu-3uwoq-6g3ya-1,nvlink,gpu0,nvlink_rx_bytes,0.0,0.0
idle,gpu-3uwoq-6g3ya-1,nvlink,gpu0,nvlink_tx_bytes,0.0,0.0
idle,gpu-3uwoq-6g3ya-1,nvlink,gpu1,nvlink_rx_bytes,0.0,0.0
idle,gpu-3uwoq-6g3ya-1,nvlink,gpu1,nvlink_tx_bytes,0.0,0.0
idle,gpu-3uwoq-6g3ya-1,nvlink,gpu2,nvlink_rx_bytes,0.0,0.0
idle,gpu-3uwoq-6g3ya-1,nvlink,gpu2,nvlink_tx_bytes,0.0,0.0
idle,gpu-3uwoq-6g3ya-1,nvlink,gpu3,nvlink_rx_bytes,0.0,0.0
idle,gpu-3uwoq-6g3ya-1,nvlink,gpu3,nvlink_tx_bytes,0.0,0.0
idle,gpu-3uwoq-6g3ya-2,dcgm,gpu0,dram_active,7.173913043478262e-07,
idle,gpu-3uwoq-6g3ya-2,dcgm,gpu0,gpu_util,0.0,
idle,gpu-3uwoq-6g3ya-2,dcgm,gpu0,nvlink_bandwidth_total,0.0,
idle,gpu-3uwoq-6g3ya-2,dcgm,gpu0,pcie_rx_bytes,131107.28260869565,0.0010488582608695653
idle,gpu-3uwoq-6g3ya-2,dcgm,gpu0,pcie_tx_bytes,117285.67391304347,0.0009382853913043478
idle,gpu-3uwoq-6g3ya-2,dcgm,gpu0,power_w,226.87380434782608,
idle,gpu-3uwoq-6g3ya-2,dcgm,gpu0,sm_active,0.0,
idle,gpu-3uwoq-6g3ya-2,dcgm,gpu0,sm_clock_mhz,2070.0,
idle,gpu-3uwoq-6g3ya-2,dcgm,gpu0,tensor_active,0.0,
idle,gpu-3uwoq-6g3ya-2,dcgm,gpu1,dram_active,7.173913043478262e-07,
idle,gpu-3uwoq-6g3ya-2,dcgm,gpu1,gpu_util,0.0,
idle,gpu-3uwoq-6g3ya-2,dcgm,gpu1,nvlink_bandwidth_total,0.0,
idle,gpu-3uwoq-6g3ya-2,dcgm,gpu1,pcie_rx_bytes,131436.23913043478,0.0010514899130434783
idle,gpu-3uwoq-6g3ya-2,dcgm,gpu1,pcie_tx_bytes,117918.0,0.000943344
idle,gpu-3uwoq-6g3ya-2,dcgm,gpu1,power_w,230.24752173913043,
idle,gpu-3uwoq-6g3ya-2,dcgm,gpu1,sm_active,0.0,
idle,gpu-3uwoq-6g3ya-2,dcgm,gpu1,sm_clock_mhz,2070.0,
idle,gpu-3uwoq-6g3ya-2,dcgm,gpu1,tensor_active,0.0,
idle,gpu-3uwoq-6g3ya-2,dcgm,gpu2,dram_active,8.478260869565217e-07,
idle,gpu-3uwoq-6g3ya-2,dcgm,gpu2,gpu_util,0.0,
idle,gpu-3uwoq-6g3ya-2,dcgm,gpu2,nvlink_bandwidth_total,0.0,
idle,gpu-3uwoq-6g3ya-2,dcgm,gpu2,pcie_rx_bytes,113997.13043478261,0.0009119770434782608
idle,gpu-3uwoq-6g3ya-2,dcgm,gpu2,pcie_tx_bytes,91256.73913043478,0.0007300539130434783
idle,gpu-3uwoq-6g3ya-2,dcgm,gpu2,power_w,230.9033695652174,
idle,gpu-3uwoq-6g3ya-2,dcgm,gpu2,sm_active,0.0,
idle,gpu-3uwoq-6g3ya-2,dcgm,gpu2,sm_clock_mhz,2070.0,
idle,gpu-3uwoq-6g3ya-2,dcgm,gpu2,tensor_active,0.0,
idle,gpu-3uwoq-6g3ya-2,dcgm,gpu3,dram_active,8.478260869565217e-07,
idle,gpu-3uwoq-6g3ya-2,dcgm,gpu3,gpu_util,0.0,
idle,gpu-3uwoq-6g3ya-2,dcgm,gpu3,nvlink_bandwidth_total,0.0,
idle,gpu-3uwoq-6g3ya-2,dcgm,gpu3,pcie_rx_bytes,94102.21739130435,0.0007528177391304348
idle,gpu-3uwoq-6g3ya-2,dcgm,gpu3,pcie_tx_bytes,84824.10869565218,0.0006785928695652174
idle,gpu-3uwoq-6g3ya-2,dcgm,gpu3,power_w,234.44334782608695,
idle,gpu-3uwoq-6g3ya-2,dcgm,gpu3,sm_active,0.0,
idle,gpu-3uwoq-6g3ya-2,dcgm,gpu3,sm_clock_mhz,2070.0,
idle,gpu-3uwoq-6g3ya-2,dcgm,gpu3,tensor_active,0.0,
idle,gpu-3uwoq-6g3ya-2,ib_counter,rdma_vf_rail0,link_downed,0.0,
idle,gpu-3uwoq-6g3ya-2,ib_counter,rdma_vf_rail0,port_rcv_data,300666666.6666667,2.4053333333333335
idle,gpu-3uwoq-6g3ya-2,ib_counter,rdma_vf_rail0,port_rcv_errors,0.0,
idle,gpu-3uwoq-6g3ya-2,ib_counter,rdma_vf_rail0,port_rcv_packets,104444.44444444444,
idle,gpu-3uwoq-6g3ya-2,ib_counter,rdma_vf_rail0,port_xmit_data,299777777.7777778,2.3982222222222225
idle,gpu-3uwoq-6g3ya-2,ib_counter,rdma_vf_rail0,port_xmit_discards,0.0,
idle,gpu-3uwoq-6g3ya-2,ib_counter,rdma_vf_rail0,port_xmit_packets,96222.22222222222,
idle,gpu-3uwoq-6g3ya-2,ib_counter,rdma_vf_rail0,port_xmit_wait,0.0,
idle,gpu-3uwoq-6g3ya-2,ib_counter,rdma_vf_rail1,link_downed,0.0,
idle,gpu-3uwoq-6g3ya-2,ib_counter,rdma_vf_rail1,port_rcv_data,300666666.6666667,2.4053333333333335
idle,gpu-3uwoq-6g3ya-2,ib_counter,rdma_vf_rail1,port_rcv_errors,0.0,
idle,gpu-3uwoq-6g3ya-2,ib_counter,rdma_vf_rail1,port_rcv_packets,104444.44444444444,
idle,gpu-3uwoq-6g3ya-2,ib_counter,rdma_vf_rail1,port_xmit_data,300000000.0,2.4
idle,gpu-3uwoq-6g3ya-2,ib_counter,rdma_vf_rail1,port_xmit_discards,0.0,
idle,gpu-3uwoq-6g3ya-2,ib_counter,rdma_vf_rail1,port_xmit_packets,96222.22222222222,
idle,gpu-3uwoq-6g3ya-2,ib_counter,rdma_vf_rail1,port_xmit_wait,0.0,
idle,gpu-3uwoq-6g3ya-2,ib_counter,rdma_vf_rail2,link_downed,0.0,
idle,gpu-3uwoq-6g3ya-2,ib_counter,rdma_vf_rail2,port_rcv_data,300888888.8888889,2.407111111111111
idle,gpu-3uwoq-6g3ya-2,ib_counter,rdma_vf_rail2,port_rcv_errors,0.0,
idle,gpu-3uwoq-6g3ya-2,ib_counter,rdma_vf_rail2,port_rcv_packets,104444.44444444444,
idle,gpu-3uwoq-6g3ya-2,ib_counter,rdma_vf_rail2,port_xmit_data,299777777.7777778,2.3982222222222225
idle,gpu-3uwoq-6g3ya-2,ib_counter,rdma_vf_rail2,port_xmit_discards,0.0,
idle,gpu-3uwoq-6g3ya-2,ib_counter,rdma_vf_rail2,port_xmit_packets,96555.55555555556,
idle,gpu-3uwoq-6g3ya-2,ib_counter,rdma_vf_rail2,port_xmit_wait,0.0,
idle,gpu-3uwoq-6g3ya-2,ib_counter,rdma_vf_rail3,link_downed,0.0,
idle,gpu-3uwoq-6g3ya-2,ib_counter,rdma_vf_rail3,port_rcv_data,300666666.6666667,2.4053333333333335
idle,gpu-3uwoq-6g3ya-2,ib_counter,rdma_vf_rail3,port_rcv_errors,0.0,
idle,gpu-3uwoq-6g3ya-2,ib_counter,rdma_vf_rail3,port_rcv_packets,104222.22222222222,
idle,gpu-3uwoq-6g3ya-2,ib_counter,rdma_vf_rail3,port_xmit_data,299777777.7777778,2.3982222222222225
idle,gpu-3uwoq-6g3ya-2,ib_counter,rdma_vf_rail3,port_xmit_discards,0.0,
idle,gpu-3uwoq-6g3ya-2,ib_counter,rdma_vf_rail3,port_xmit_packets,96622.22222222222,
idle,gpu-3uwoq-6g3ya-2,ib_counter,rdma_vf_rail3,port_xmit_wait,0.0,
idle,gpu-3uwoq-6g3ya-2,ib_hw_counter,rdma_vf_rail0,duplicate_request,0.0,
idle,gpu-3uwoq-6g3ya-2,ib_hw_counter,rdma_vf_rail0,implied_nak_seq_err,0.0,
idle,gpu-3uwoq-6g3ya-2,ib_hw_counter,rdma_vf_rail0,local_ack_timeout_err,0.0,
idle,gpu-3uwoq-6g3ya-2,ib_hw_counter,rdma_vf_rail0,out_of_sequence,0.0,
idle,gpu-3uwoq-6g3ya-2,ib_hw_counter,rdma_vf_rail0,packet_seq_err,0.0,
idle,gpu-3uwoq-6g3ya-2,ib_hw_counter,rdma_vf_rail0,req_cqe_error,0.0,
idle,gpu-3uwoq-6g3ya-2,ib_hw_counter,rdma_vf_rail0,resp_cqe_error,0.0,
idle,gpu-3uwoq-6g3ya-2,ib_hw_counter,rdma_vf_rail0,rx_read_requests,2311.1111111111113,
idle,gpu-3uwoq-6g3ya-2,ib_hw_counter,rdma_vf_rail0,rx_write_requests,11555.555555555555,
idle,gpu-3uwoq-6g3ya-2,ib_hw_counter,rdma_vf_rail1,duplicate_request,0.0,
idle,gpu-3uwoq-6g3ya-2,ib_hw_counter,rdma_vf_rail1,implied_nak_seq_err,0.0,
idle,gpu-3uwoq-6g3ya-2,ib_hw_counter,rdma_vf_rail1,local_ack_timeout_err,0.0,
idle,gpu-3uwoq-6g3ya-2,ib_hw_counter,rdma_vf_rail1,out_of_sequence,0.0,
idle,gpu-3uwoq-6g3ya-2,ib_hw_counter,rdma_vf_rail1,packet_seq_err,0.0,
idle,gpu-3uwoq-6g3ya-2,ib_hw_counter,rdma_vf_rail1,req_cqe_error,0.0,
idle,gpu-3uwoq-6g3ya-2,ib_hw_counter,rdma_vf_rail1,resp_cqe_error,0.0,
idle,gpu-3uwoq-6g3ya-2,ib_hw_counter,rdma_vf_rail1,rx_read_requests,2308.8888888888887,
idle,gpu-3uwoq-6g3ya-2,ib_hw_counter,rdma_vf_rail1,rx_write_requests,11577.777777777777,
idle,gpu-3uwoq-6g3ya-2,ib_hw_counter,rdma_vf_rail2,duplicate_request,0.0,
idle,gpu-3uwoq-6g3ya-2,ib_hw_counter,rdma_vf_rail2,implied_nak_seq_err,0.0,
idle,gpu-3uwoq-6g3ya-2,ib_hw_counter,rdma_vf_rail2,local_ack_timeout_err,0.0,
idle,gpu-3uwoq-6g3ya-2,ib_hw_counter,rdma_vf_rail2,out_of_sequence,0.0,
idle,gpu-3uwoq-6g3ya-2,ib_hw_counter,rdma_vf_rail2,packet_seq_err,0.0,
idle,gpu-3uwoq-6g3ya-2,ib_hw_counter,rdma_vf_rail2,req_cqe_error,0.0,
idle,gpu-3uwoq-6g3ya-2,ib_hw_counter,rdma_vf_rail2,resp_cqe_error,0.0,
idle,gpu-3uwoq-6g3ya-2,ib_hw_counter,rdma_vf_rail2,rx_read_requests,2308.8888888888887,
idle,gpu-3uwoq-6g3ya-2,ib_hw_counter,rdma_vf_rail2,rx_write_requests,11555.555555555555,
idle,gpu-3uwoq-6g3ya-2,ib_hw_counter,rdma_vf_rail3,duplicate_request,0.0,
idle,gpu-3uwoq-6g3ya-2,ib_hw_counter,rdma_vf_rail3,implied_nak_seq_err,0.0,
idle,gpu-3uwoq-6g3ya-2,ib_hw_counter,rdma_vf_rail3,local_ack_timeout_err,0.0,
idle,gpu-3uwoq-6g3ya-2,ib_hw_counter,rdma_vf_rail3,out_of_sequence,0.0,
idle,gpu-3uwoq-6g3ya-2,ib_hw_counter,rdma_vf_rail3,packet_seq_err,0.0,
idle,gpu-3uwoq-6g3ya-2,ib_hw_counter,rdma_vf_rail3,req_cqe_error,0.0,
idle,gpu-3uwoq-6g3ya-2,ib_hw_counter,rdma_vf_rail3,resp_cqe_error,0.0,
idle,gpu-3uwoq-6g3ya-2,ib_hw_counter,rdma_vf_rail3,rx_read_requests,2308.8888888888887,
idle,gpu-3uwoq-6g3ya-2,ib_hw_counter,rdma_vf_rail3,rx_write_requests,11555.555555555555,
idle,gpu-3uwoq-6g3ya-2,nvlink,gpu0,nvlink_rx_bytes,0.0,0.0
idle,gpu-3uwoq-6g3ya-2,nvlink,gpu0,nvlink_tx_bytes,0.0,0.0
idle,gpu-3uwoq-6g3ya-2,nvlink,gpu1,nvlink_rx_bytes,0.0,0.0
idle,gpu-3uwoq-6g3ya-2,nvlink,gpu1,nvlink_tx_bytes,0.0,0.0
idle,gpu-3uwoq-6g3ya-2,nvlink,gpu2,nvlink_rx_bytes,0.0,0.0
idle,gpu-3uwoq-6g3ya-2,nvlink,gpu2,nvlink_tx_bytes,0.0,0.0
idle,gpu-3uwoq-6g3ya-2,nvlink,gpu3,nvlink_rx_bytes,0.0,0.0
idle,gpu-3uwoq-6g3ya-2,nvlink,gpu3,nvlink_tx_bytes,0.0,0.0
warmup-16MiB,gpu-3uwoq-6g3ya-1,dcgm,gpu0,dram_active,3e-06,
warmup-16MiB,gpu-3uwoq-6g3ya-1,dcgm,gpu0,gpu_util,0.0,
warmup-16MiB,gpu-3uwoq-6g3ya-1,dcgm,gpu0,nvlink_bandwidth_total,0.0,
warmup-16MiB,gpu-3uwoq-6g3ya-1,dcgm,gpu0,pcie_rx_bytes,299015.0,0.00239212
warmup-16MiB,gpu-3uwoq-6g3ya-1,dcgm,gpu0,pcie_tx_bytes,276280.0,0.00221024
warmup-16MiB,gpu-3uwoq-6g3ya-1,dcgm,gpu0,power_w,230.033,
warmup-16MiB,gpu-3uwoq-6g3ya-1,dcgm,gpu0,sm_active,0.0,
warmup-16MiB,gpu-3uwoq-6g3ya-1,dcgm,gpu0,sm_clock_mhz,2070.0,
warmup-16MiB,gpu-3uwoq-6g3ya-1,dcgm,gpu0,tensor_active,0.0,
warmup-16MiB,gpu-3uwoq-6g3ya-1,dcgm,gpu1,dram_active,3e-06,
warmup-16MiB,gpu-3uwoq-6g3ya-1,dcgm,gpu1,gpu_util,0.0,
warmup-16MiB,gpu-3uwoq-6g3ya-1,dcgm,gpu1,nvlink_bandwidth_total,0.0,
warmup-16MiB,gpu-3uwoq-6g3ya-1,dcgm,gpu1,pcie_rx_bytes,285256.0,0.002282048
warmup-16MiB,gpu-3uwoq-6g3ya-1,dcgm,gpu1,pcie_tx_bytes,263038.0,0.002104304
warmup-16MiB,gpu-3uwoq-6g3ya-1,dcgm,gpu1,power_w,226.54,
warmup-16MiB,gpu-3uwoq-6g3ya-1,dcgm,gpu1,sm_active,0.0,
warmup-16MiB,gpu-3uwoq-6g3ya-1,dcgm,gpu1,sm_clock_mhz,2070.0,
warmup-16MiB,gpu-3uwoq-6g3ya-1,dcgm,gpu1,tensor_active,0.0,
warmup-16MiB,gpu-3uwoq-6g3ya-1,dcgm,gpu2,dram_active,3e-06,
warmup-16MiB,gpu-3uwoq-6g3ya-1,dcgm,gpu2,gpu_util,0.0,
warmup-16MiB,gpu-3uwoq-6g3ya-1,dcgm,gpu2,nvlink_bandwidth_total,0.0,
warmup-16MiB,gpu-3uwoq-6g3ya-1,dcgm,gpu2,pcie_rx_bytes,255145.0,0.00204116
warmup-16MiB,gpu-3uwoq-6g3ya-1,dcgm,gpu2,pcie_tx_bytes,232727.0,0.001861816
warmup-16MiB,gpu-3uwoq-6g3ya-1,dcgm,gpu2,power_w,222.817,
warmup-16MiB,gpu-3uwoq-6g3ya-1,dcgm,gpu2,sm_active,0.0,
warmup-16MiB,gpu-3uwoq-6g3ya-1,dcgm,gpu2,sm_clock_mhz,2070.0,
warmup-16MiB,gpu-3uwoq-6g3ya-1,dcgm,gpu2,tensor_active,0.0,
warmup-16MiB,gpu-3uwoq-6g3ya-1,dcgm,gpu3,dram_active,3e-06,
warmup-16MiB,gpu-3uwoq-6g3ya-1,dcgm,gpu3,gpu_util,0.0,
warmup-16MiB,gpu-3uwoq-6g3ya-1,dcgm,gpu3,nvlink_bandwidth_total,0.0,
warmup-16MiB,gpu-3uwoq-6g3ya-1,dcgm,gpu3,pcie_rx_bytes,249094.0,0.001992752
warmup-16MiB,gpu-3uwoq-6g3ya-1,dcgm,gpu3,pcie_tx_bytes,226577.0,0.001812616
warmup-16MiB,gpu-3uwoq-6g3ya-1,dcgm,gpu3,power_w,227.026,
warmup-16MiB,gpu-3uwoq-6g3ya-1,dcgm,gpu3,sm_active,0.0,
warmup-16MiB,gpu-3uwoq-6g3ya-1,dcgm,gpu3,sm_clock_mhz,2070.0,
warmup-16MiB,gpu-3uwoq-6g3ya-1,dcgm,gpu3,tensor_active,0.0,
warmup-16MiB,gpu-3uwoq-6g3ya-1,ib_counter,rdma_vf_rail0,link_downed,0.0,
warmup-16MiB,gpu-3uwoq-6g3ya-1,ib_counter,rdma_vf_rail0,port_rcv_data,0.0,0.0
warmup-16MiB,gpu-3uwoq-6g3ya-1,ib_counter,rdma_vf_rail0,port_rcv_errors,0.0,
warmup-16MiB,gpu-3uwoq-6g3ya-1,ib_counter,rdma_vf_rail0,port_rcv_packets,0.0,
warmup-16MiB,gpu-3uwoq-6g3ya-1,ib_counter,rdma_vf_rail0,port_xmit_data,0.0,0.0
warmup-16MiB,gpu-3uwoq-6g3ya-1,ib_counter,rdma_vf_rail0,port_xmit_discards,0.0,
warmup-16MiB,gpu-3uwoq-6g3ya-1,ib_counter,rdma_vf_rail0,port_xmit_packets,0.0,
warmup-16MiB,gpu-3uwoq-6g3ya-1,ib_counter,rdma_vf_rail0,port_xmit_wait,0.0,
warmup-16MiB,gpu-3uwoq-6g3ya-1,ib_counter,rdma_vf_rail1,link_downed,0.0,
warmup-16MiB,gpu-3uwoq-6g3ya-1,ib_counter,rdma_vf_rail1,port_rcv_data,0.0,0.0
warmup-16MiB,gpu-3uwoq-6g3ya-1,ib_counter,rdma_vf_rail1,port_rcv_errors,0.0,
warmup-16MiB,gpu-3uwoq-6g3ya-1,ib_counter,rdma_vf_rail1,port_rcv_packets,1000.0,
warmup-16MiB,gpu-3uwoq-6g3ya-1,ib_counter,rdma_vf_rail1,port_xmit_data,0.0,0.0
warmup-16MiB,gpu-3uwoq-6g3ya-1,ib_counter,rdma_vf_rail1,port_xmit_discards,0.0,
warmup-16MiB,gpu-3uwoq-6g3ya-1,ib_counter,rdma_vf_rail1,port_xmit_packets,0.0,
warmup-16MiB,gpu-3uwoq-6g3ya-1,ib_counter,rdma_vf_rail1,port_xmit_wait,0.0,
warmup-16MiB,gpu-3uwoq-6g3ya-1,ib_counter,rdma_vf_rail2,link_downed,0.0,
warmup-16MiB,gpu-3uwoq-6g3ya-1,ib_counter,rdma_vf_rail2,port_rcv_data,0.0,0.0
warmup-16MiB,gpu-3uwoq-6g3ya-1,ib_counter,rdma_vf_rail2,port_rcv_errors,0.0,
warmup-16MiB,gpu-3uwoq-6g3ya-1,ib_counter,rdma_vf_rail2,port_rcv_packets,0.0,
warmup-16MiB,gpu-3uwoq-6g3ya-1,ib_counter,rdma_vf_rail2,port_xmit_data,0.0,0.0
warmup-16MiB,gpu-3uwoq-6g3ya-1,ib_counter,rdma_vf_rail2,port_xmit_discards,0.0,
warmup-16MiB,gpu-3uwoq-6g3ya-1,ib_counter,rdma_vf_rail2,port_xmit_packets,0.0,
warmup-16MiB,gpu-3uwoq-6g3ya-1,ib_counter,rdma_vf_rail2,port_xmit_wait,0.0,
warmup-16MiB,gpu-3uwoq-6g3ya-1,ib_counter,rdma_vf_rail3,link_downed,0.0,
warmup-16MiB,gpu-3uwoq-6g3ya-1,ib_counter,rdma_vf_rail3,port_rcv_data,0.0,0.0
warmup-16MiB,gpu-3uwoq-6g3ya-1,ib_counter,rdma_vf_rail3,port_rcv_errors,0.0,
warmup-16MiB,gpu-3uwoq-6g3ya-1,ib_counter,rdma_vf_rail3,port_rcv_packets,0.0,
warmup-16MiB,gpu-3uwoq-6g3ya-1,ib_counter,rdma_vf_rail3,port_xmit_data,0.0,0.0
warmup-16MiB,gpu-3uwoq-6g3ya-1,ib_counter,rdma_vf_rail3,port_xmit_discards,0.0,
warmup-16MiB,gpu-3uwoq-6g3ya-1,ib_counter,rdma_vf_rail3,port_xmit_packets,0.0,
warmup-16MiB,gpu-3uwoq-6g3ya-1,ib_counter,rdma_vf_rail3,port_xmit_wait,0.0,
warmup-16MiB,gpu-3uwoq-6g3ya-1,ib_hw_counter,rdma_vf_rail0,duplicate_request,0.0,
warmup-16MiB,gpu-3uwoq-6g3ya-1,ib_hw_counter,rdma_vf_rail0,implied_nak_seq_err,0.0,
warmup-16MiB,gpu-3uwoq-6g3ya-1,ib_hw_counter,rdma_vf_rail0,local_ack_timeout_err,0.0,
warmup-16MiB,gpu-3uwoq-6g3ya-1,ib_hw_counter,rdma_vf_rail0,out_of_sequence,0.0,
warmup-16MiB,gpu-3uwoq-6g3ya-1,ib_hw_counter,rdma_vf_rail0,packet_seq_err,0.0,
warmup-16MiB,gpu-3uwoq-6g3ya-1,ib_hw_counter,rdma_vf_rail0,req_cqe_error,0.0,
warmup-16MiB,gpu-3uwoq-6g3ya-1,ib_hw_counter,rdma_vf_rail0,resp_cqe_error,0.0,
warmup-16MiB,gpu-3uwoq-6g3ya-1,ib_hw_counter,rdma_vf_rail0,rx_read_requests,0.0,
warmup-16MiB,gpu-3uwoq-6g3ya-1,ib_hw_counter,rdma_vf_rail0,rx_write_requests,0.0,
warmup-16MiB,gpu-3uwoq-6g3ya-1,ib_hw_counter,rdma_vf_rail1,duplicate_request,0.0,
warmup-16MiB,gpu-3uwoq-6g3ya-1,ib_hw_counter,rdma_vf_rail1,implied_nak_seq_err,0.0,
warmup-16MiB,gpu-3uwoq-6g3ya-1,ib_hw_counter,rdma_vf_rail1,local_ack_timeout_err,0.0,
warmup-16MiB,gpu-3uwoq-6g3ya-1,ib_hw_counter,rdma_vf_rail1,out_of_sequence,0.0,
warmup-16MiB,gpu-3uwoq-6g3ya-1,ib_hw_counter,rdma_vf_rail1,packet_seq_err,0.0,
warmup-16MiB,gpu-3uwoq-6g3ya-1,ib_hw_counter,rdma_vf_rail1,req_cqe_error,0.0,
warmup-16MiB,gpu-3uwoq-6g3ya-1,ib_hw_counter,rdma_vf_rail1,resp_cqe_error,0.0,
warmup-16MiB,gpu-3uwoq-6g3ya-1,ib_hw_counter,rdma_vf_rail1,rx_read_requests,0.0,
warmup-16MiB,gpu-3uwoq-6g3ya-1,ib_hw_counter,rdma_vf_rail1,rx_write_requests,0.0,
warmup-16MiB,gpu-3uwoq-6g3ya-1,ib_hw_counter,rdma_vf_rail2,duplicate_request,0.0,
warmup-16MiB,gpu-3uwoq-6g3ya-1,ib_hw_counter,rdma_vf_rail2,implied_nak_seq_err,0.0,
warmup-16MiB,gpu-3uwoq-6g3ya-1,ib_hw_counter,rdma_vf_rail2,local_ack_timeout_err,0.0,
warmup-16MiB,gpu-3uwoq-6g3ya-1,ib_hw_counter,rdma_vf_rail2,out_of_sequence,0.0,
warmup-16MiB,gpu-3uwoq-6g3ya-1,ib_hw_counter,rdma_vf_rail2,packet_seq_err,0.0,
warmup-16MiB,gpu-3uwoq-6g3ya-1,ib_hw_counter,rdma_vf_rail2,req_cqe_error,0.0,
warmup-16MiB,gpu-3uwoq-6g3ya-1,ib_hw_counter,rdma_vf_rail2,resp_cqe_error,0.0,
warmup-16MiB,gpu-3uwoq-6g3ya-1,ib_hw_counter,rdma_vf_rail2,rx_read_requests,0.0,
warmup-16MiB,gpu-3uwoq-6g3ya-1,ib_hw_counter,rdma_vf_rail2,rx_write_requests,0.0,
warmup-16MiB,gpu-3uwoq-6g3ya-1,ib_hw_counter,rdma_vf_rail3,duplicate_request,0.0,
warmup-16MiB,gpu-3uwoq-6g3ya-1,ib_hw_counter,rdma_vf_rail3,implied_nak_seq_err,0.0,
warmup-16MiB,gpu-3uwoq-6g3ya-1,ib_hw_counter,rdma_vf_rail3,local_ack_timeout_err,0.0,
warmup-16MiB,gpu-3uwoq-6g3ya-1,ib_hw_counter,rdma_vf_rail3,out_of_sequence,0.0,
warmup-16MiB,gpu-3uwoq-6g3ya-1,ib_hw_counter,rdma_vf_rail3,packet_seq_err,0.0,
warmup-16MiB,gpu-3uwoq-6g3ya-1,ib_hw_counter,rdma_vf_rail3,req_cqe_error,0.0,
warmup-16MiB,gpu-3uwoq-6g3ya-1,ib_hw_counter,rdma_vf_rail3,resp_cqe_error,0.0,
warmup-16MiB,gpu-3uwoq-6g3ya-1,ib_hw_counter,rdma_vf_rail3,rx_read_requests,0.0,
warmup-16MiB,gpu-3uwoq-6g3ya-1,ib_hw_counter,rdma_vf_rail3,rx_write_requests,0.0,
warmup-16MiB,gpu-3uwoq-6g3ya-1,nvlink,gpu0,nvlink_rx_bytes,0.0,0.0
warmup-16MiB,gpu-3uwoq-6g3ya-1,nvlink,gpu0,nvlink_tx_bytes,0.0,0.0
warmup-16MiB,gpu-3uwoq-6g3ya-1,nvlink,gpu1,nvlink_rx_bytes,0.0,0.0
warmup-16MiB,gpu-3uwoq-6g3ya-1,nvlink,gpu1,nvlink_tx_bytes,0.0,0.0
warmup-16MiB,gpu-3uwoq-6g3ya-1,nvlink,gpu2,nvlink_rx_bytes,0.0,0.0
warmup-16MiB,gpu-3uwoq-6g3ya-1,nvlink,gpu2,nvlink_tx_bytes,0.0,0.0
warmup-16MiB,gpu-3uwoq-6g3ya-1,nvlink,gpu3,nvlink_rx_bytes,0.0,0.0
warmup-16MiB,gpu-3uwoq-6g3ya-1,nvlink,gpu3,nvlink_tx_bytes,0.0,0.0
warmup-16MiB,gpu-3uwoq-6g3ya-2,dcgm,gpu0,dram_active,0.0,
warmup-16MiB,gpu-3uwoq-6g3ya-2,dcgm,gpu0,gpu_util,0.0,
warmup-16MiB,gpu-3uwoq-6g3ya-2,dcgm,gpu0,nvlink_bandwidth_total,0.0,
warmup-16MiB,gpu-3uwoq-6g3ya-2,dcgm,gpu0,pcie_rx_bytes,372953.0,0.002983624
warmup-16MiB,gpu-3uwoq-6g3ya-2,dcgm,gpu0,pcie_tx_bytes,328147.0,0.002625176
warmup-16MiB,gpu-3uwoq-6g3ya-2,dcgm,gpu0,power_w,226.579,
warmup-16MiB,gpu-3uwoq-6g3ya-2,dcgm,gpu0,sm_active,0.0,
warmup-16MiB,gpu-3uwoq-6g3ya-2,dcgm,gpu0,sm_clock_mhz,2070.0,
warmup-16MiB,gpu-3uwoq-6g3ya-2,dcgm,gpu0,tensor_active,0.0,
warmup-16MiB,gpu-3uwoq-6g3ya-2,dcgm,gpu1,dram_active,0.0,
warmup-16MiB,gpu-3uwoq-6g3ya-2,dcgm,gpu1,gpu_util,0.0,
warmup-16MiB,gpu-3uwoq-6g3ya-2,dcgm,gpu1,nvlink_bandwidth_total,0.0,
warmup-16MiB,gpu-3uwoq-6g3ya-2,dcgm,gpu1,pcie_rx_bytes,365480.0,0.00292384
warmup-16MiB,gpu-3uwoq-6g3ya-2,dcgm,gpu1,pcie_tx_bytes,321783.0,0.002574264
warmup-16MiB,gpu-3uwoq-6g3ya-2,dcgm,gpu1,power_w,230.019,
warmup-16MiB,gpu-3uwoq-6g3ya-2,dcgm,gpu1,sm_active,0.0,
warmup-16MiB,gpu-3uwoq-6g3ya-2,dcgm,gpu1,sm_clock_mhz,2070.0,
warmup-16MiB,gpu-3uwoq-6g3ya-2,dcgm,gpu1,tensor_active,0.0,
warmup-16MiB,gpu-3uwoq-6g3ya-2,dcgm,gpu2,dram_active,3e-06,
warmup-16MiB,gpu-3uwoq-6g3ya-2,dcgm,gpu2,gpu_util,0.0,
warmup-16MiB,gpu-3uwoq-6g3ya-2,dcgm,gpu2,nvlink_bandwidth_total,0.0,
warmup-16MiB,gpu-3uwoq-6g3ya-2,dcgm,gpu2,pcie_rx_bytes,322560.0,0.00258048
warmup-16MiB,gpu-3uwoq-6g3ya-2,dcgm,gpu2,pcie_tx_bytes,27668.0,0.000221344
warmup-16MiB,gpu-3uwoq-6g3ya-2,dcgm,gpu2,power_w,231.577,
warmup-16MiB,gpu-3uwoq-6g3ya-2,dcgm,gpu2,sm_active,0.0,
warmup-16MiB,gpu-3uwoq-6g3ya-2,dcgm,gpu2,sm_clock_mhz,2070.0,
warmup-16MiB,gpu-3uwoq-6g3ya-2,dcgm,gpu2,tensor_active,0.0,
warmup-16MiB,gpu-3uwoq-6g3ya-2,dcgm,gpu3,dram_active,3e-06,
warmup-16MiB,gpu-3uwoq-6g3ya-2,dcgm,gpu3,gpu_util,0.0,
warmup-16MiB,gpu-3uwoq-6g3ya-2,dcgm,gpu3,nvlink_bandwidth_total,0.0,
warmup-16MiB,gpu-3uwoq-6g3ya-2,dcgm,gpu3,pcie_rx_bytes,25978.0,0.000207824
warmup-16MiB,gpu-3uwoq-6g3ya-2,dcgm,gpu3,pcie_tx_bytes,24441.0,0.000195528
warmup-16MiB,gpu-3uwoq-6g3ya-2,dcgm,gpu3,power_w,234.405,
warmup-16MiB,gpu-3uwoq-6g3ya-2,dcgm,gpu3,sm_active,0.0,
warmup-16MiB,gpu-3uwoq-6g3ya-2,dcgm,gpu3,sm_clock_mhz,2070.0,
warmup-16MiB,gpu-3uwoq-6g3ya-2,dcgm,gpu3,tensor_active,0.0,
warmup-16MiB,gpu-3uwoq-6g3ya-2,ib_counter,rdma_vf_rail0,link_downed,0.0,
warmup-16MiB,gpu-3uwoq-6g3ya-2,ib_counter,rdma_vf_rail0,port_rcv_data,0.0,0.0
warmup-16MiB,gpu-3uwoq-6g3ya-2,ib_counter,rdma_vf_rail0,port_rcv_errors,0.0,
warmup-16MiB,gpu-3uwoq-6g3ya-2,ib_counter,rdma_vf_rail0,port_rcv_packets,0.0,
warmup-16MiB,gpu-3uwoq-6g3ya-2,ib_counter,rdma_vf_rail0,port_xmit_data,0.0,0.0
warmup-16MiB,gpu-3uwoq-6g3ya-2,ib_counter,rdma_vf_rail0,port_xmit_discards,0.0,
warmup-16MiB,gpu-3uwoq-6g3ya-2,ib_counter,rdma_vf_rail0,port_xmit_packets,0.0,
warmup-16MiB,gpu-3uwoq-6g3ya-2,ib_counter,rdma_vf_rail0,port_xmit_wait,0.0,
warmup-16MiB,gpu-3uwoq-6g3ya-2,ib_counter,rdma_vf_rail1,link_downed,0.0,
warmup-16MiB,gpu-3uwoq-6g3ya-2,ib_counter,rdma_vf_rail1,port_rcv_data,0.0,0.0
warmup-16MiB,gpu-3uwoq-6g3ya-2,ib_counter,rdma_vf_rail1,port_rcv_errors,0.0,
warmup-16MiB,gpu-3uwoq-6g3ya-2,ib_counter,rdma_vf_rail1,port_rcv_packets,0.0,
warmup-16MiB,gpu-3uwoq-6g3ya-2,ib_counter,rdma_vf_rail1,port_xmit_data,0.0,0.0
warmup-16MiB,gpu-3uwoq-6g3ya-2,ib_counter,rdma_vf_rail1,port_xmit_discards,0.0,
warmup-16MiB,gpu-3uwoq-6g3ya-2,ib_counter,rdma_vf_rail1,port_xmit_packets,0.0,
warmup-16MiB,gpu-3uwoq-6g3ya-2,ib_counter,rdma_vf_rail1,port_xmit_wait,0.0,
warmup-16MiB,gpu-3uwoq-6g3ya-2,ib_counter,rdma_vf_rail2,link_downed,0.0,
warmup-16MiB,gpu-3uwoq-6g3ya-2,ib_counter,rdma_vf_rail2,port_rcv_data,0.0,0.0
warmup-16MiB,gpu-3uwoq-6g3ya-2,ib_counter,rdma_vf_rail2,port_rcv_errors,0.0,
warmup-16MiB,gpu-3uwoq-6g3ya-2,ib_counter,rdma_vf_rail2,port_rcv_packets,0.0,
warmup-16MiB,gpu-3uwoq-6g3ya-2,ib_counter,rdma_vf_rail2,port_xmit_data,0.0,0.0
warmup-16MiB,gpu-3uwoq-6g3ya-2,ib_counter,rdma_vf_rail2,port_xmit_discards,0.0,
warmup-16MiB,gpu-3uwoq-6g3ya-2,ib_counter,rdma_vf_rail2,port_xmit_packets,0.0,
warmup-16MiB,gpu-3uwoq-6g3ya-2,ib_counter,rdma_vf_rail2,port_xmit_wait,0.0,
warmup-16MiB,gpu-3uwoq-6g3ya-2,ib_counter,rdma_vf_rail3,link_downed,0.0,
warmup-16MiB,gpu-3uwoq-6g3ya-2,ib_counter,rdma_vf_rail3,port_rcv_data,0.0,0.0
warmup-16MiB,gpu-3uwoq-6g3ya-2,ib_counter,rdma_vf_rail3,port_rcv_errors,0.0,
warmup-16MiB,gpu-3uwoq-6g3ya-2,ib_counter,rdma_vf_rail3,port_rcv_packets,0.0,
warmup-16MiB,gpu-3uwoq-6g3ya-2,ib_counter,rdma_vf_rail3,port_xmit_data,0.0,0.0
warmup-16MiB,gpu-3uwoq-6g3ya-2,ib_counter,rdma_vf_rail3,port_xmit_discards,0.0,
warmup-16MiB,gpu-3uwoq-6g3ya-2,ib_counter,rdma_vf_rail3,port_xmit_packets,0.0,
warmup-16MiB,gpu-3uwoq-6g3ya-2,ib_counter,rdma_vf_rail3,port_xmit_wait,0.0,
warmup-16MiB,gpu-3uwoq-6g3ya-2,ib_hw_counter,rdma_vf_rail0,duplicate_request,0.0,
warmup-16MiB,gpu-3uwoq-6g3ya-2,ib_hw_counter,rdma_vf_rail0,implied_nak_seq_err,0.0,
warmup-16MiB,gpu-3uwoq-6g3ya-2,ib_hw_counter,rdma_vf_rail0,local_ack_timeout_err,0.0,
warmup-16MiB,gpu-3uwoq-6g3ya-2,ib_hw_counter,rdma_vf_rail0,out_of_sequence,0.0,
warmup-16MiB,gpu-3uwoq-6g3ya-2,ib_hw_counter,rdma_vf_rail0,packet_seq_err,0.0,
warmup-16MiB,gpu-3uwoq-6g3ya-2,ib_hw_counter,rdma_vf_rail0,req_cqe_error,0.0,
warmup-16MiB,gpu-3uwoq-6g3ya-2,ib_hw_counter,rdma_vf_rail0,resp_cqe_error,0.0,
warmup-16MiB,gpu-3uwoq-6g3ya-2,ib_hw_counter,rdma_vf_rail0,rx_read_requests,0.0,
warmup-16MiB,gpu-3uwoq-6g3ya-2,ib_hw_counter,rdma_vf_rail0,rx_write_requests,0.0,
warmup-16MiB,gpu-3uwoq-6g3ya-2,ib_hw_counter,rdma_vf_rail1,duplicate_request,0.0,
warmup-16MiB,gpu-3uwoq-6g3ya-2,ib_hw_counter,rdma_vf_rail1,implied_nak_seq_err,0.0,
warmup-16MiB,gpu-3uwoq-6g3ya-2,ib_hw_counter,rdma_vf_rail1,local_ack_timeout_err,0.0,
warmup-16MiB,gpu-3uwoq-6g3ya-2,ib_hw_counter,rdma_vf_rail1,out_of_sequence,0.0,
warmup-16MiB,gpu-3uwoq-6g3ya-2,ib_hw_counter,rdma_vf_rail1,packet_seq_err,0.0,
warmup-16MiB,gpu-3uwoq-6g3ya-2,ib_hw_counter,rdma_vf_rail1,req_cqe_error,0.0,
warmup-16MiB,gpu-3uwoq-6g3ya-2,ib_hw_counter,rdma_vf_rail1,resp_cqe_error,0.0,
warmup-16MiB,gpu-3uwoq-6g3ya-2,ib_hw_counter,rdma_vf_rail1,rx_read_requests,0.0,
warmup-16MiB,gpu-3uwoq-6g3ya-2,ib_hw_counter,rdma_vf_rail1,rx_write_requests,0.0,
warmup-16MiB,gpu-3uwoq-6g3ya-2,ib_hw_counter,rdma_vf_rail2,duplicate_request,0.0,
warmup-16MiB,gpu-3uwoq-6g3ya-2,ib_hw_counter,rdma_vf_rail2,implied_nak_seq_err,0.0,
warmup-16MiB,gpu-3uwoq-6g3ya-2,ib_hw_counter,rdma_vf_rail2,local_ack_timeout_err,0.0,
warmup-16MiB,gpu-3uwoq-6g3ya-2,ib_hw_counter,rdma_vf_rail2,out_of_sequence,0.0,
warmup-16MiB,gpu-3uwoq-6g3ya-2,ib_hw_counter,rdma_vf_rail2,packet_seq_err,0.0,
warmup-16MiB,gpu-3uwoq-6g3ya-2,ib_hw_counter,rdma_vf_rail2,req_cqe_error,0.0,
warmup-16MiB,gpu-3uwoq-6g3ya-2,ib_hw_counter,rdma_vf_rail2,resp_cqe_error,0.0,
warmup-16MiB,gpu-3uwoq-6g3ya-2,ib_hw_counter,rdma_vf_rail2,rx_read_requests,0.0,
warmup-16MiB,gpu-3uwoq-6g3ya-2,ib_hw_counter,rdma_vf_rail2,rx_write_requests,0.0,
warmup-16MiB,gpu-3uwoq-6g3ya-2,ib_hw_counter,rdma_vf_rail3,duplicate_request,0.0,
warmup-16MiB,gpu-3uwoq-6g3ya-2,ib_hw_counter,rdma_vf_rail3,implied_nak_seq_err,0.0,
warmup-16MiB,gpu-3uwoq-6g3ya-2,ib_hw_counter,rdma_vf_rail3,local_ack_timeout_err,0.0,
warmup-16MiB,gpu-3uwoq-6g3ya-2,ib_hw_counter,rdma_vf_rail3,out_of_sequence,0.0,
warmup-16MiB,gpu-3uwoq-6g3ya-2,ib_hw_counter,rdma_vf_rail3,packet_seq_err,0.0,
warmup-16MiB,gpu-3uwoq-6g3ya-2,ib_hw_counter,rdma_vf_rail3,req_cqe_error,0.0,
warmup-16MiB,gpu-3uwoq-6g3ya-2,ib_hw_counter,rdma_vf_rail3,resp_cqe_error,0.0,
warmup-16MiB,gpu-3uwoq-6g3ya-2,ib_hw_counter,rdma_vf_rail3,rx_read_requests,0.0,
warmup-16MiB,gpu-3uwoq-6g3ya-2,ib_hw_counter,rdma_vf_rail3,rx_write_requests,0.0,
warmup-16MiB,gpu-3uwoq-6g3ya-2,nvlink,gpu0,nvlink_rx_bytes,0.0,0.0
warmup-16MiB,gpu-3uwoq-6g3ya-2,nvlink,gpu0,nvlink_tx_bytes,0.0,0.0
warmup-16MiB,gpu-3uwoq-6g3ya-2,nvlink,gpu1,nvlink_rx_bytes,0.0,0.0
warmup-16MiB,gpu-3uwoq-6g3ya-2,nvlink,gpu1,nvlink_tx_bytes,0.0,0.0
warmup-16MiB,gpu-3uwoq-6g3ya-2,nvlink,gpu2,nvlink_rx_bytes,0.0,0.0
warmup-16MiB,gpu-3uwoq-6g3ya-2,nvlink,gpu2,nvlink_tx_bytes,0.0,0.0
warmup-16MiB,gpu-3uwoq-6g3ya-2,nvlink,gpu3,nvlink_rx_bytes,0.0,0.0
warmup-16MiB,gpu-3uwoq-6g3ya-2,nvlink,gpu3,nvlink_tx_bytes,0.0,0.0
