run_id,experiment,transport,rails,world_size,nnodes,path,net_socket_channels,mnnvl_channels,net_ib_channels,all_ok,start,end,torch,nccl,image
e1-nvlink-small,E1,nvlink,0,8,2,nvlink,0,256,0,True,2026-09-30T06:13:55Z,2026-09-30T06:13:56Z,2.8.0a0+34c6371d24.nv25.08,2.27.7,quay.io/drkennetz/ktlo-labs:compass-latest
e1-nvlink,E1,nvlink,0,8,2,nvlink,0,256,0,True,2026-09-30T05:56:02Z,2026-09-30T05:56:03Z,2.8.0a0+34c6371d24.nv25.08,2.27.7,quay.io/drkennetz/ktlo-labs:compass-latest
e1-rdma-small,E1,rdma,4,8,2,rdma_gdr,0,0,256,True,2026-09-30T06:20:14Z,2026-09-30T06:20:15Z,2.8.0a0+34c6371d24.nv25.08,2.27.7,quay.io/drkennetz/ktlo-labs:compass-latest
e1-rdma,E1,rdma,4,8,2,rdma_gdr,0,0,640,True,2026-09-30T06:11:49Z,2026-09-30T06:11:50Z,2.8.0a0+34c6371d24.nv25.08,2.27.7,quay.io/drkennetz/ktlo-labs:compass-latest
e1-tcp,E1,tcp,0,8,2,tcp,256,0,0,True,2026-09-30T06:15:41Z,2026-09-30T06:15:42Z,2.8.0a0+34c6371d24.nv25.08,2.27.7,quay.io/drkennetz/ktlo-labs:compass-latest
e1-tcprail,E1,tcp-rail,1,8,2,rdma_gdr,0,0,256,True,2026-09-30T06:18:46Z,2026-09-30T06:18:47Z,2.8.0a0+34c6371d24.nv25.08,2.27.7,quay.io/drkennetz/ktlo-labs:compass-latest
e2-rails1,E2,rdma,1,8,2,rdma_gdr,0,0,256,True,2026-09-30T06:21:44Z,2026-09-30T06:21:44Z,2.8.0a0+34c6371d24.nv25.08,2.27.7,quay.io/drkennetz/ktlo-labs:compass-latest
e2-rails2,E2,rdma,2,8,2,rdma_gdr,0,0,384,True,2026-09-30T06:23:13Z,2026-09-30T06:23:14Z,2.8.0a0+34c6371d24.nv25.08,2.27.7,quay.io/drkennetz/ktlo-labs:compass-latest
e2-rails4,E2,rdma,4,8,2,rdma_gdr,0,0,640,True,2026-09-30T06:24:43Z,2026-09-30T06:24:43Z,2.8.0a0+34c6371d24.nv25.08,2.27.7,quay.io/drkennetz/ktlo-labs:compass-latest
e3-g1,E3,nvlink,0,1,1,local,0,0,0,True,2026-09-30T06:26:47Z,2026-09-30T06:26:48Z,2.8.0a0+34c6371d24.nv25.08,2.27.7,quay.io/drkennetz/ktlo-labs:compass-latest
e3-g2,E3,nvlink,0,2,1,unknown,0,0,0,True,2026-09-30T06:31:58Z,2026-09-30T06:31:58Z,2.8.0a0+34c6371d24.nv25.08,2.27.7,quay.io/drkennetz/ktlo-labs:compass-latest
e3-g4,E3,nvlink,0,4,1,unknown,0,0,0,True,2026-09-30T06:33:41Z,2026-09-30T06:33:42Z,2.8.0a0+34c6371d24.nv25.08,2.27.7,quay.io/drkennetz/ktlo-labs:compass-latest
e3-g8-nvlink,E3,nvlink,0,8,2,nvlink,0,256,0,True,2026-09-30T06:35:26Z,2026-09-30T06:35:27Z,2.8.0a0+34c6371d24.nv25.08,2.27.7,quay.io/drkennetz/ktlo-labs:compass-latest
e3-g8-rdma,E3,rdma,4,8,2,rdma_gdr,0,0,640,True,2026-09-30T06:37:14Z,2026-09-30T06:37:15Z,2.8.0a0+34c6371d24.nv25.08,2.27.7,quay.io/drkennetz/ktlo-labs:compass-latest
e4-qps1-r0,E4,rdma,4,8,2,rdma_gdr,0,0,640,True,2026-09-30T06:39:36Z,2026-09-30T06:39:37Z,2.8.0a0+34c6371d24.nv25.08,2.27.7,quay.io/drkennetz/ktlo-labs:compass-latest
e4-qps1-r1,E4,rdma,4,8,2,rdma_gdr,0,0,640,True,2026-09-30T06:41:07Z,2026-09-30T06:41:08Z,2.8.0a0+34c6371d24.nv25.08,2.27.7,quay.io/drkennetz/ktlo-labs:compass-latest
e4-qps1-r2,E4,rdma,4,8,2,rdma_gdr,0,0,640,True,2026-09-30T06:42:36Z,2026-09-30T06:42:37Z,2.8.0a0+34c6371d24.nv25.08,2.27.7,quay.io/drkennetz/ktlo-labs:compass-latest
e4-qps1-r3,E4,rdma,4,8,2,rdma_gdr,0,0,640,True,2026-09-30T06:44:05Z,2026-09-30T06:44:06Z,2.8.0a0+34c6371d24.nv25.08,2.27.7,quay.io/drkennetz/ktlo-labs:compass-latest
e4-qps1-r4,E4,rdma,4,8,2,rdma_gdr,0,0,640,True,2026-09-30T06:45:35Z,2026-09-30T06:45:36Z,2.8.0a0+34c6371d24.nv25.08,2.27.7,quay.io/drkennetz/ktlo-labs:compass-latest
e4-qps2-r0,E4,rdma,4,8,2,rdma_gdr,0,0,640,True,2026-09-30T06:47:36Z,2026-09-30T06:47:36Z,2.8.0a0+34c6371d24.nv25.08,2.27.7,quay.io/drkennetz/ktlo-labs:compass-latest
e4-qps2-r1,E4,rdma,4,8,2,rdma_gdr,0,0,640,True,2026-09-30T06:49:04Z,2026-09-30T06:49:05Z,2.8.0a0+34c6371d24.nv25.08,2.27.7,quay.io/drkennetz/ktlo-labs:compass-latest
e4-qps2-r2,E4,rdma,4,8,2,rdma_gdr,0,0,640,True,2026-09-30T06:50:34Z,2026-09-30T06:50:35Z,2.8.0a0+34c6371d24.nv25.08,2.27.7,quay.io/drkennetz/ktlo-labs:compass-latest
e4-qps2-r3,E4,rdma,4,8,2,rdma_gdr,0,0,640,True,2026-09-30T06:52:04Z,2026-09-30T06:52:05Z,2.8.0a0+34c6371d24.nv25.08,2.27.7,quay.io/drkennetz/ktlo-labs:compass-latest
e4-qps2-r4,E4,rdma,4,8,2,rdma_gdr,0,0,640,True,2026-09-30T06:53:33Z,2026-09-30T06:53:34Z,2.8.0a0+34c6371d24.nv25.08,2.27.7,quay.io/drkennetz/ktlo-labs:compass-latest
e4-qps4-r0,E4,rdma,4,8,2,rdma_gdr,0,0,640,True,2026-09-30T06:55:22Z,2026-09-30T06:55:23Z,2.8.0a0+34c6371d24.nv25.08,2.27.7,quay.io/drkennetz/ktlo-labs:compass-latest
e4-qps4-r1,E4,rdma,4,8,2,rdma_gdr,0,0,640,True,2026-09-30T06:56:51Z,2026-09-30T06:56:52Z,2.8.0a0+34c6371d24.nv25.08,2.27.7,quay.io/drkennetz/ktlo-labs:compass-latest
e4-qps4-r2,E4,rdma,4,8,2,rdma_gdr,0,0,640,True,2026-09-30T06:58:19Z,2026-09-30T06:58:20Z,2.8.0a0+34c6371d24.nv25.08,2.27.7,quay.io/drkennetz/ktlo-labs:compass-latest
e4-qps4-r3,E4,rdma,4,8,2,rdma_gdr,0,0,640,True,2026-09-30T06:59:48Z,2026-09-30T06:59:49Z,2.8.0a0+34c6371d24.nv25.08,2.27.7,quay.io/drkennetz/ktlo-labs:compass-latest
e4-qps4-r4,E4,rdma,4,8,2,rdma_gdr,0,0,640,True,2026-09-30T07:01:17Z,2026-09-30T07:01:18Z,2.8.0a0+34c6371d24.nv25.08,2.27.7,quay.io/drkennetz/ktlo-labs:compass-latest
e5-algo-nvls,E5,nvlink,0,8,2,unknown,0,0,0,True,2026-09-30T07:08:39Z,2026-09-30T07:08:40Z,2.8.0a0+34c6371d24.nv25.08,2.27.7,quay.io/drkennetz/ktlo-labs:compass-latest
e5-algo-ring,E5,nvlink,0,8,2,nvlink,0,256,0,True,2026-09-30T07:10:05Z,2026-09-30T07:10:06Z,2.8.0a0+34c6371d24.nv25.08,2.27.7,quay.io/drkennetz/ktlo-labs:compass-latest
e5-buffsize16m,E5,rdma,4,8,2,rdma_gdr,0,0,640,True,2026-09-30T07:03:24Z,2026-09-30T07:03:25Z,2.8.0a0+34c6371d24.nv25.08,2.27.7,quay.io/drkennetz/ktlo-labs:compass-latest
e5-buffsize4m,E5,rdma,4,8,2,rdma_gdr,0,0,640,True,2026-09-30T07:04:53Z,2026-09-30T07:04:54Z,2.8.0a0+34c6371d24.nv25.08,2.27.7,quay.io/drkennetz/ktlo-labs:compass-latest
e5-ddp-bucket200,E5,rdma,4,8,2,rdma_gdr,0,0,640,True,2026-09-30T07:14:41Z,2026-09-30T07:14:42Z,2.8.0a0+34c6371d24.nv25.08,2.27.7,quay.io/drkennetz/ktlo-labs:compass-latest
e5-gdr-off,E5,rdma,4,8,2,rdma,0,0,640,True,2026-09-30T07:06:22Z,2026-09-30T07:06:23Z,2.8.0a0+34c6371d24.nv25.08,2.27.7,quay.io/drkennetz/ktlo-labs:compass-latest
e5-sock-nthreads4,E5,tcp,0,8,2,tcp,256,0,0,True,2026-09-30T07:12:52Z,2026-09-30T07:12:52Z,2.8.0a0+34c6371d24.nv25.08,2.27.7,quay.io/drkennetz/ktlo-labs:compass-latest
